DateTime,Open,High,Low,Close,Volume
2026-05-19 00:00:00+01:00,1.16618,1.16618,1.16591,1.16618,0
2026-05-19 00:30:00+01:00,1.16618,1.16618,1.16577,1.16577,0
2026-05-19 01:00:00+01:00,1.16591,1.16591,1.16523,1.16537,0
2026-05-19 01:30:00+01:00,1.16537,1.16537,1.16469,1.16482,0
2026-05-19 02:00:00+01:00,1.16469,1.16509,1.16469,1.16496,0
2026-05-19 02:30:00+01:00,1.16496,1.16564,1.16482,1.16509,0
2026-05-19 03:00:00+01:00,1.16482,1.16509,1.16455,1.16496,0
2026-05-19 03:30:00+01:00,1.16482,1.16496,1.16455,1.16469,0
2026-05-19 04:00:00+01:00,1.16469,1.16496,1.16442,1.16482,0
2026-05-19 04:30:00+01:00,1.16482,1.16482,1.16455,1.16455,0
2026-05-19 05:00:00+01:00,1.16455,1.16469,1.16442,1.16442,0
2026-05-19 05:30:00+01:00,1.16442,1.16455,1.16387,1.16401,0
2026-05-19 06:00:00+01:00,1.16401,1.16428,1.16374,1.16387,0
2026-05-19 06:30:00+01:00,1.16374,1.16455,1.16374,1.16455,0
2026-05-19 07:00:00+01:00,1.16442,1.16496,1.16414,1.16469,0
2026-05-19 07:30:00+01:00,1.16469,1.16469,1.16401,1.16401,0
2026-05-19 08:00:00+01:00,1.16401,1.16401,1.16333,1.16347,0
2026-05-19 08:30:00+01:00,1.16347,1.16401,1.16347,1.16387,0
2026-05-19 09:00:00+01:00,1.16387,1.16387,1.16306,1.16333,0
2026-05-19 09:30:00+01:00,1.16333,1.1636,1.16266,1.16266,0
2026-05-19 10:00:00+01:00,1.16266,1.16266,1.16184,1.16212,0
2026-05-19 10:30:00+01:00,1.16225,1.16239,1.16184,1.16225,0
2026-05-19 11:00:00+01:00,1.16225,1.16293,1.16225,1.16279,0
2026-05-19 11:30:00+01:00,1.16266,1.16279,1.16144,1.16252,0
2026-05-19 12:00:00+01:00,1.16252,1.16252,1.16212,1.16212,0
2026-05-19 12:30:00+01:00,1.16225,1.16252,1.16212,1.16212,0
2026-05-19 13:00:00+01:00,1.16198,1.16279,1.16184,1.16279,0
2026-05-19 13:30:00+01:00,1.16252,1.16252,1.16198,1.16212,0
2026-05-19 14:00:00+01:00,1.16198,1.16198,1.16077,1.16077,0
2026-05-19 14:30:00+01:00,1.1609,1.16184,1.1605,1.16184,0
2026-05-19 15:00:00+01:00,1.16158,1.16171,1.15996,1.16036,0
2026-05-19 15:30:00+01:00,1.1605,1.1605,1.15996,1.15996,0
2026-05-19 16:00:00+01:00,1.15996,1.16009,1.15969,1.16009,0
2026-05-19 16:30:00+01:00,1.15982,1.1605,1.15982,1.1605,0
2026-05-19 17:00:00+01:00,1.1605,1.1609,1.16009,1.1609,0
2026-05-19 17:30:00+01:00,1.1609,1.16131,1.16077,1.16104,0
2026-05-19 18:00:00+01:00,1.16117,1.16158,1.16104,1.16131,0
2026-05-19 18:30:00+01:00,1.16131,1.16158,1.16117,1.16158,0
2026-05-19 19:00:00+01:00,1.16144,1.16171,1.16131,1.16144,0
2026-05-19 19:30:00+01:00,1.16104,1.16131,1.16063,1.16077,0
2026-05-19 20:00:00+01:00,1.16077,1.1609,1.16063,1.16077,0
2026-05-19 20:30:00+01:00,1.16077,1.16117,1.16077,1.1609,0
2026-05-19 21:00:00+01:00,1.1609,1.1609,1.16077,1.16077,0
2026-05-19 21:30:00+01:00,1.1609,1.16104,1.16077,1.1609,0
2026-05-19 22:00:00+01:00,1.16023,1.16144,1.16023,1.16117,0
2026-05-19 22:30:00+01:00,1.16117,1.16144,1.1609,1.16117,0
2026-05-19 23:00:00+01:00,1.16104,1.16117,1.1609,1.16117,0
2026-05-19 23:30:00+01:00,1.16104,1.16117,1.16104,1.16117,0
2026-05-20 00:00:00+01:00,1.16117,1.16144,1.16117,1.16144,0
2026-05-20 00:30:00+01:00,1.16131,1.16158,1.16104,1.16104,0
2026-05-20 01:00:00+01:00,1.16104,1.16117,1.16077,1.16117,0
2026-05-20 01:30:00+01:00,1.16117,1.16131,1.1605,1.1605,0
2026-05-20 02:00:00+01:00,1.1605,1.1605,1.15996,1.15996,0
2026-05-20 02:30:00+01:00,1.15996,1.16023,1.15969,1.15996,0
2026-05-20 03:00:00+01:00,1.16009,1.16063,1.16009,1.16036,0
2026-05-20 03:30:00+01:00,1.16023,1.16036,1.15982,1.16023,0
2026-05-20 04:00:00+01:00,1.15996,1.16063,1.15996,1.1605,0
2026-05-20 04:30:00+01:00,1.1605,1.1609,1.1605,1.1605,0
2026-05-20 05:00:00+01:00,1.16063,1.1609,1.1605,1.16063,0
2026-05-20 05:30:00+01:00,1.16063,1.16063,1.16009,1.16009,0
2026-05-20 06:00:00+01:00,1.16009,1.16036,1.15996,1.15996,0
2026-05-20 06:30:00+01:00,1.15996,1.16023,1.15955,1.15982,0
2026-05-20 07:00:00+01:00,1.15982,1.1609,1.15969,1.1609,0
2026-05-20 07:30:00+01:00,1.16077,1.16077,1.15969,1.16009,0
2026-05-20 08:00:00+01:00,1.15996,1.1605,1.15996,1.16009,0
2026-05-20 08:30:00+01:00,1.15996,1.16009,1.15955,1.15969,0
2026-05-20 09:00:00+01:00,1.15955,1.15982,1.15875,1.15902,0
2026-05-20 09:30:00+01:00,1.15942,1.15969,1.15915,1.15942,0
2026-05-20 10:00:00+01:00,1.15942,1.15982,1.15942,1.15942,0
2026-05-20 10:30:00+01:00,1.15942,1.15955,1.15929,1.15929,0
2026-05-20 11:00:00+01:00,1.15915,1.15996,1.15915,1.15996,0
2026-05-20 11:30:00+01:00,1.15982,1.16063,1.15982,1.1605,0
2026-05-20 12:00:00+01:00,1.16036,1.1605,1.15996,1.1605,0
2026-05-20 12:30:00+01:00,1.1605,1.16077,1.16023,1.16036,0
2026-05-20 13:00:00+01:00,1.1605,1.16063,1.15996,1.16023,0
2026-05-20 13:30:00+01:00,1.16023,1.1605,1.15969,1.15969,0
2026-05-20 14:00:00+01:00,1.15982,1.15982,1.15942,1.15942,0
2026-05-20 14:30:00+01:00,1.15942,1.15996,1.15929,1.15942,0
2026-05-20 15:00:00+01:00,1.15942,1.16198,1.15861,1.16158,0
2026-05-20 15:30:00+01:00,1.16184,1.16266,1.16158,1.16225,0
2026-05-20 16:00:00+01:00,1.16225,1.16469,1.16171,1.16279,0
2026-05-20 16:30:00+01:00,1.16306,1.16374,1.16225,1.16225,0
2026-05-20 17:00:00+01:00,1.16225,1.16333,1.16225,1.16252,0
2026-05-20 17:30:00+01:00,1.16266,1.16333,1.16239,1.16279,0
2026-05-20 18:00:00+01:00,1.16279,1.16293,1.16225,1.16266,0
2026-05-20 18:30:00+01:00,1.16279,1.16293,1.16225,1.16225,0
2026-05-20 19:00:00+01:00,1.16198,1.16306,1.16198,1.16293,0
2026-05-20 19:30:00+01:00,1.1632,1.16387,1.1632,1.1636,0
2026-05-20 20:00:00+01:00,1.16347,1.16374,1.16333,1.1636,0
2026-05-20 20:30:00+01:00,1.1636,1.1636,1.16306,1.16306,0
2026-05-20 21:00:00+01:00,1.16306,1.1632,1.16293,1.16306,0
2026-05-20 21:30:00+01:00,1.16306,1.16306,1.16266,1.16293,0
2026-05-20 22:00:00+01:00,1.16266,1.16306,1.16252,1.16293,0
2026-05-20 22:30:00+01:00,1.16293,1.16306,1.16266,1.16293,0
2026-05-20 23:00:00+01:00,1.16293,1.16306,1.16279,1.16293,0
2026-05-20 23:30:00+01:00,1.16306,1.16306,1.16293,1.16293,0
2026-05-21 00:00:00+01:00,1.16293,1.16306,1.16279,1.16279,0
2026-05-21 00:30:00+01:00,1.16279,1.16306,1.16266,1.16279,0
2026-05-21 01:00:00+01:00,1.16279,1.16293,1.16266,1.16293,0
2026-05-21 01:30:00+01:00,1.16293,1.1632,1.16279,1.1632,0
2026-05-21 02:00:00+01:00,1.16333,1.16387,1.16333,1.1636,0
2026-05-21 02:30:00+01:00,1.16333,1.16374,1.16266,1.16293,0
2026-05-21 03:00:00+01:00,1.16306,1.1632,1.16252,1.16252,0
2026-05-21 03:30:00+01:00,1.16239,1.16252,1.16212,1.16212,0
2026-05-21 04:00:00+01:00,1.16212,1.16266,1.16212,1.16252,0
2026-05-21 04:30:00+01:00,1.16239,1.16252,1.16225,1.16225,0
2026-05-21 05:00:00+01:00,1.16225,1.16252,1.16225,1.16239,0
2026-05-21 05:30:00+01:00,1.16252,1.16266,1.16239,1.16266,0
2026-05-21 06:00:00+01:00,1.16266,1.16266,1.16225,1.16225,0
2026-05-21 06:30:00+01:00,1.16225,1.16252,1.16225,1.16252,0
2026-05-21 07:00:00+01:00,1.16252,1.16293,1.16239,1.16279,0
2026-05-21 07:30:00+01:00,1.16279,1.16293,1.16198,1.16239,0
2026-05-21 08:00:00+01:00,1.16239,1.16239,1.15996,1.15996,0
2026-05-21 08:30:00+01:00,1.16036,1.16117,1.16023,1.16104,0
2026-05-21 09:00:00+01:00,1.16104,1.16374,1.16104,1.16333,0
2026-05-21 09:30:00+01:00,1.16347,1.16347,1.16252,1.16252,0
2026-05-21 10:00:00+01:00,1.16266,1.16347,1.16252,1.16347,0
2026-05-21 10:30:00+01:00,1.16347,1.1636,1.16293,1.16306,0
2026-05-21 11:00:00+01:00,1.16306,1.16333,1.16144,1.16144,0
2026-05-21 11:30:00+01:00,1.16144,1.16144,1.16036,1.16117,0
2026-05-21 12:00:00+01:00,1.16104,1.16184,1.16104,1.16158,0
2026-05-21 12:30:00+01:00,1.16158,1.16171,1.16009,1.16009,0
2026-05-21 13:00:00+01:00,1.16036,1.16063,1.15969,1.15982,0
2026-05-21 13:30:00+01:00,1.15996,1.16117,1.15996,1.16009,0
2026-05-21 14:00:00+01:00,1.16009,1.16036,1.15915,1.15915,0
2026-05-21 14:30:00+01:00,1.15915,1.16036,1.15821,1.15982,0
2026-05-21 15:00:00+01:00,1.15982,1.15982,1.15888,1.15915,0
2026-05-21 15:30:00+01:00,1.15929,1.15996,1.15902,1.15982,0
2026-05-21 16:00:00+01:00,1.15969,1.15969,1.15861,1.15902,0
2026-05-21 16:30:00+01:00,1.15902,1.15929,1.15875,1.15929,0
2026-05-21 17:00:00+01:00,1.15929,1.15969,1.15902,1.15969,0
2026-05-21 17:30:00+01:00,1.15969,1.15996,1.15969,1.15996,0
2026-05-21 18:00:00+01:00,1.15996,1.16225,1.15955,1.16225,0
2026-05-21 18:30:00+01:00,1.16225,1.16333,1.16184,1.16279,0
2026-05-21 19:00:00+01:00,1.16293,1.16333,1.16239,1.16306,0
2026-05-21 19:30:00+01:00,1.16293,1.16293,1.16117,1.16158,0
2026-05-21 20:00:00+01:00,1.16158,1.16239,1.16144,1.16239,0
2026-05-21 20:30:00+01:00,1.16239,1.16279,1.16198,1.16252,0
2026-05-21 21:00:00+01:00,1.16252,1.16266,1.16198,1.16225,0
2026-05-21 21:30:00+01:00,1.16212,1.16225,1.16198,1.16212,0
2026-05-21 22:00:00+01:00,1.16198,1.16266,1.16144,1.16252,0
2026-05-21 22:30:00+01:00,1.16252,1.16266,1.16212,1.16252,0
2026-05-21 23:00:00+01:00,1.16252,1.16252,1.16198,1.16212,0
2026-05-21 23:30:00+01:00,1.16212,1.16225,1.16198,1.16212,0
2026-05-22 00:00:00+01:00,1.16225,1.16225,1.16198,1.16212,0
2026-05-22 00:30:00+01:00,1.16212,1.16225,1.16198,1.16212,0
2026-05-22 01:00:00+01:00,1.16212,1.16212,1.16171,1.16184,0
2026-05-22 01:30:00+01:00,1.16184,1.16198,1.16171,1.16184,0
2026-05-22 02:00:00+01:00,1.16184,1.16198,1.16158,1.16184,0
2026-05-22 02:30:00+01:00,1.16171,1.16198,1.16144,1.16144,0
2026-05-22 03:00:00+01:00,1.16144,1.16158,1.16144,1.16158,0
2026-05-22 03:30:00+01:00,1.16158,1.16184,1.16144,1.16158,0
2026-05-22 04:00:00+01:00,1.16171,1.16171,1.16131,1.16144,0
2026-05-22 04:30:00+01:00,1.16144,1.16158,1.16144,1.16158,0
2026-05-22 05:00:00+01:00,1.16158,1.16184,1.16158,1.16171,0
2026-05-22 05:30:00+01:00,1.16171,1.16198,1.16171,1.16198,0
2026-05-22 06:00:00+01:00,1.16198,1.16212,1.16184,1.16184,0
2026-05-22 06:30:00+01:00,1.16184,1.16212,1.16131,1.16131,0
2026-05-22 07:00:00+01:00,1.16131,1.16184,1.16131,1.16171,0
2026-05-22 07:30:00+01:00,1.16158,1.16158,1.1609,1.16144,0
2026-05-22 08:00:00+01:00,1.16104,1.16117,1.16063,1.16117,0
2026-05-22 08:30:00+01:00,1.16117,1.16131,1.1609,1.16131,0
2026-05-22 09:00:00+01:00,1.16131,1.16171,1.16104,1.16144,0
2026-05-22 09:30:00+01:00,1.16158,1.16158,1.1609,1.16117,0
2026-05-22 10:00:00+01:00,1.16117,1.16117,1.16009,1.1605,0
2026-05-22 10:30:00+01:00,1.16036,1.1609,1.16023,1.16077,0
2026-05-22 11:00:00+01:00,1.1609,1.16117,1.1605,1.1605,0
2026-05-22 11:30:00+01:00,1.1605,1.1605,1.15996,1.16009,0
2026-05-22 12:00:00+01:00,1.16009,1.16009,1.15982,1.15982,0
2026-05-22 12:30:00+01:00,1.15982,1.1605,1.15969,1.15996,0
2026-05-22 13:00:00+01:00,1.16009,1.16104,1.15982,1.16009,0
2026-05-22 13:30:00+01:00,1.16023,1.16077,1.16023,1.16063,0
2026-05-22 14:00:00+01:00,1.16077,1.16212,1.16077,1.16158,0
2026-05-22 14:30:00+01:00,1.16144,1.16158,1.16036,1.16077,0
2026-05-22 15:00:00+01:00,1.16036,1.16036,1.15929,1.15996,0
2026-05-22 15:30:00+01:00,1.15996,1.1605,1.15996,1.16023,0
2026-05-22 16:00:00+01:00,1.16009,1.1609,1.16009,1.16077,0
2026-05-22 16:30:00+01:00,1.16063,1.16077,1.16023,1.16063,0
2026-05-22 17:00:00+01:00,1.1605,1.16131,1.16036,1.16131,0
2026-05-22 17:30:00+01:00,1.16131,1.16144,1.16104,1.16144,0
2026-05-22 18:00:00+01:00,1.16158,1.16198,1.16131,1.16144,0
2026-05-22 18:30:00+01:00,1.16225,1.16225,1.16144,1.16171,0
2026-05-22 19:00:00+01:00,1.16171,1.16184,1.16144,1.16144,0
2026-05-22 19:30:00+01:00,1.16144,1.16184,1.16131,1.16158,0
2026-05-22 20:00:00+01:00,1.16158,1.16171,1.16117,1.16117,0
2026-05-22 20:30:00+01:00,1.16117,1.16131,1.1609,1.16104,0
2026-05-22 21:00:00+01:00,1.16104,1.16104,1.16077,1.16077,0
2026-05-22 21:30:00+01:00,1.16077,1.16077,1.16036,1.1605,0
2026-05-22 22:00:00+01:00,1.16063,1.16063,1.1605,1.1605,0
2026-05-25 00:00:00+01:00,1.16469,1.16496,1.16469,1.16482,0
2026-05-25 00:30:00+01:00,1.16482,1.16496,1.16442,1.16442,0
2026-05-25 01:00:00+01:00,1.16442,1.16455,1.16414,1.16455,0
2026-05-25 01:30:00+01:00,1.16469,1.16509,1.16401,1.16401,0
2026-05-25 02:00:00+01:00,1.16387,1.16496,1.16387,1.16496,0
2026-05-25 02:30:00+01:00,1.16496,1.16496,1.16428,1.16428,0
2026-05-25 03:00:00+01:00,1.16428,1.16455,1.16428,1.16455,0
2026-05-25 03:30:00+01:00,1.16442,1.16455,1.16401,1.16414,0
2026-05-25 04:00:00+01:00,1.16428,1.16428,1.16401,1.16414,0
2026-05-25 04:30:00+01:00,1.16414,1.16428,1.16401,1.16401,0
2026-05-25 05:00:00+01:00,1.16414,1.16414,1.16387,1.16401,0
2026-05-25 05:30:00+01:00,1.16401,1.16469,1.16401,1.16455,0
2026-05-25 06:00:00+01:00,1.16455,1.16469,1.16455,1.16469,0
2026-05-25 06:30:00+01:00,1.16469,1.16482,1.16414,1.16428,0
2026-05-25 07:00:00+01:00,1.16414,1.16442,1.16414,1.16428,0
2026-05-25 07:30:00+01:00,1.16414,1.16469,1.16414,1.16442,0
2026-05-25 08:00:00+01:00,1.16442,1.16455,1.16347,1.16374,0
2026-05-25 08:30:00+01:00,1.16374,1.16401,1.16374,1.16401,0
2026-05-25 09:00:00+01:00,1.16387,1.16442,1.16374,1.16442,0
2026-05-25 09:30:00+01:00,1.16442,1.16469,1.16442,1.16469,0
2026-05-25 10:00:00+01:00,1.16469,1.16482,1.16442,1.16455,0
2026-05-25 10:30:00+01:00,1.16455,1.16482,1.16442,1.16442,0
2026-05-25 11:00:00+01:00,1.16455,1.16482,1.16455,1.16455,0
2026-05-25 11:30:00+01:00,1.16455,1.16469,1.16455,1.16469,0
2026-05-25 12:00:00+01:00,1.16455,1.16482,1.16442,1.16469,0
2026-05-25 12:30:00+01:00,1.16482,1.16537,1.16469,1.16469,0
2026-05-25 13:00:00+01:00,1.16469,1.16496,1.16469,1.16469,0
2026-05-25 13:30:00+01:00,1.16482,1.1655,1.16482,1.16523,0
2026-05-25 14:00:00+01:00,1.16509,1.16537,1.16482,1.16482,0
2026-05-25 14:30:00+01:00,1.16469,1.16482,1.16428,1.16428,0
2026-05-25 15:00:00+01:00,1.16428,1.16455,1.16414,1.16455,0
2026-05-25 15:30:00+01:00,1.16442,1.16496,1.16442,1.16455,0
2026-05-25 16:00:00+01:00,1.16455,1.16509,1.16428,1.16496,0
2026-05-25 16:30:00+01:00,1.16482,1.16496,1.16455,1.16455,0
2026-05-25 17:00:00+01:00,1.16455,1.16455,1.16414,1.16414,0
2026-05-25 17:30:00+01:00,1.16414,1.16455,1.16401,1.16442,0
2026-05-25 18:00:00+01:00,1.16442,1.16469,1.16442,1.16469,0
2026-05-25 18:30:00+01:00,1.16469,1.16469,1.16455,1.16469,0
2026-05-25 19:00:00+01:00,1.16469,1.16469,1.16455,1.16455,0
2026-05-25 19:30:00+01:00,1.16455,1.16469,1.16455,1.16469,0
2026-05-25 20:00:00+01:00,1.16469,1.16469,1.16455,1.16469,0
2026-05-25 20:30:00+01:00,1.16469,1.16469,1.16455,1.16455,0
2026-05-25 21:00:00+01:00,1.16455,1.16469,1.16455,1.16469,0
2026-05-25 21:30:00+01:00,1.16469,1.16469,1.16455,1.16469,0
2026-05-25 22:00:00+01:00,1.16509,1.16509,1.16401,1.16428,0
2026-05-25 22:30:00+01:00,1.16442,1.16482,1.16414,1.16442,0
2026-05-25 23:00:00+01:00,1.16428,1.16455,1.16428,1.16442,0
2026-05-25 23:30:00+01:00,1.16442,1.16455,1.16428,1.16442,0
2026-05-26 00:00:00+01:00,1.16442,1.16469,1.16442,1.16442,0
2026-05-26 00:30:00+01:00,1.16442,1.16442,1.16387,1.16401,0
2026-05-26 01:00:00+01:00,1.16401,1.16428,1.16374,1.16387,0
2026-05-26 01:30:00+01:00,1.16401,1.16428,1.16387,1.16428,0
2026-05-26 02:00:00+01:00,1.16414,1.16428,1.16387,1.16401,0
2026-05-26 02:30:00+01:00,1.16401,1.16401,1.16333,1.16374,0
2026-05-26 03:00:00+01:00,1.16374,1.16387,1.1636,1.1636,0
2026-05-26 03:30:00+01:00,1.16374,1.16374,1.16347,1.16374,0
2026-05-26 04:00:00+01:00,1.16374,1.16401,1.16374,1.16387,0
2026-05-26 04:30:00+01:00,1.16387,1.16401,1.16374,1.16401,0
2026-05-26 05:00:00+01:00,1.16387,1.16387,1.1636,1.1636,0
2026-05-26 05:30:00+01:00,1.1636,1.16374,1.16333,1.16333,0
2026-05-26 06:00:00+01:00,1.16333,1.16333,1.1632,1.16333,0
2026-05-26 06:30:00+01:00,1.16333,1.16333,1.16306,1.1632,0
2026-05-26 07:00:00+01:00,1.16306,1.16387,1.16306,1.16374,0
2026-05-26 07:30:00+01:00,1.16374,1.16401,1.1636,1.16374,0
2026-05-26 08:00:00+01:00,1.16387,1.16387,1.16306,1.16374,0
2026-05-26 08:30:00+01:00,1.16374,1.16428,1.16374,1.16414,0
2026-05-26 09:00:00+01:00,1.16401,1.16442,1.16401,1.16414,0
2026-05-26 09:30:00+01:00,1.16428,1.16442,1.16374,1.16401,0
2026-05-26 10:00:00+01:00,1.16387,1.16455,1.16374,1.16455,0
2026-05-26 10:30:00+01:00,1.16442,1.16469,1.16442,1.16469,0
2026-05-26 11:00:00+01:00,1.16469,1.16469,1.16442,1.16455,0
2026-05-26 11:30:00+01:00,1.16469,1.16469,1.16414,1.16455,0
2026-05-26 12:00:00+01:00,1.16455,1.16482,1.16442,1.16442,0
2026-05-26 12:30:00+01:00,1.16428,1.16455,1.16374,1.16374,0
2026-05-26 13:00:00+01:00,1.16374,1.16387,1.1636,1.16387,0
2026-05-26 13:30:00+01:00,1.16374,1.16401,1.16347,1.1636,0
2026-05-26 14:00:00+01:00,1.16347,1.1636,1.16306,1.16306,0
2026-05-26 14:30:00+01:00,1.1632,1.16347,1.16225,1.16279,0
2026-05-26 15:00:00+01:00,1.16266,1.1632,1.16252,1.16266,0
2026-05-26 15:30:00+01:00,1.16279,1.1632,1.16279,1.16279,0
2026-05-26 16:00:00+01:00,1.16279,1.16279,1.16212,1.16239,0
2026-05-26 16:30:00+01:00,1.16252,1.16252,1.16212,1.16225,0
2026-05-26 17:00:00+01:00,1.16239,1.1632,1.16239,1.16306,0
2026-05-26 17:30:00+01:00,1.16306,1.1632,1.16266,1.16279,0
2026-05-26 18:00:00+01:00,1.16266,1.16306,1.16266,1.16279,0
2026-05-26 18:30:00+01:00,1.16279,1.16293,1.16252,1.16266,0
2026-05-26 19:00:00+01:00,1.16266,1.16306,1.16266,1.16306,0
2026-05-26 19:30:00+01:00,1.16306,1.16333,1.16293,1.16333,0
2026-05-26 20:00:00+01:00,1.16306,1.16347,1.16306,1.1632,0
2026-05-26 20:30:00+01:00,1.16333,1.1636,1.16333,1.16347,0
2026-05-26 21:00:00+01:00,1.1636,1.1636,1.16347,1.16347,0
2026-05-26 21:30:00+01:00,1.16347,1.1636,1.16347,1.1636,0
2026-05-26 22:00:00+01:00,1.1632,1.1636,1.16306,1.16333,0
2026-05-26 22:30:00+01:00,1.16333,1.1636,1.16306,1.16333,0
2026-05-26 23:00:00+01:00,1.16374,1.16401,1.16347,1.1636,0
2026-05-26 23:30:00+01:00,1.1636,1.16401,1.1636,1.16374,0
2026-05-27 00:00:00+01:00,1.16374,1.16414,1.16374,1.16401,0
2026-05-27 00:30:00+01:00,1.16401,1.16469,1.16401,1.16401,0
2026-05-27 01:00:00+01:00,1.16401,1.16469,1.16401,1.16414,0
2026-05-27 01:30:00+01:00,1.16428,1.16469,1.16414,1.16414,0
2026-05-27 02:00:00+01:00,1.16442,1.16455,1.16401,1.16401,0
2026-05-27 02:30:00+01:00,1.16428,1.16428,1.1636,1.16374,0
2026-05-27 03:00:00+01:00,1.16428,1.16442,1.16387,1.16387,0
2026-05-27 03:30:00+01:00,1.16387,1.16442,1.16374,1.16414,0
2026-05-27 04:00:00+01:00,1.16414,1.16482,1.16414,1.16428,0
2026-05-27 04:30:00+01:00,1.16428,1.16455,1.16401,1.16455,0
2026-05-27 05:00:00+01:00,1.16455,1.16469,1.16414,1.16428,0
2026-05-27 05:30:00+01:00,1.16428,1.16496,1.16428,1.16455,0
2026-05-27 06:00:00+01:00,1.16442,1.16509,1.16442,1.16469,0
2026-05-27 06:30:00+01:00,1.16469,1.16482,1.16428,1.16428,0
2026-05-27 07:00:00+01:00,1.16455,1.16482,1.16414,1.16428,0
2026-05-27 07:30:00+01:00,1.16428,1.1655,1.16428,1.16496,0
2026-05-27 08:00:00+01:00,1.16509,1.1655,1.16469,1.16482,0
2026-05-27 08:30:00+01:00,1.16482,1.16537,1.16442,1.16442,0
2026-05-27 09:00:00+01:00,1.16414,1.16537,1.16414,1.16537,0
2026-05-27 09:30:00+01:00,1.16496,1.16523,1.16469,1.16482,0
2026-05-27 10:00:00+01:00,1.16469,1.16509,1.16469,1.16496,0
2026-05-27 10:30:00+01:00,1.16482,1.16537,1.16469,1.16482,0
2026-05-27 11:00:00+01:00,1.16469,1.16509,1.16401,1.16401,0
2026-05-27 11:30:00+01:00,1.16414,1.16455,1.16401,1.16428,0
2026-05-27 12:00:00+01:00,1.16428,1.16469,1.16401,1.16414,0
2026-05-27 12:30:00+01:00,1.16414,1.16455,1.16374,1.16428,0
2026-05-27 13:00:00+01:00,1.16401,1.16618,1.16387,1.16591,0
2026-05-27 13:30:00+01:00,1.16632,1.16645,1.16469,1.16469,0
2026-05-27 14:00:00+01:00,1.16537,1.1655,1.16428,1.16428,0
2026-05-27 14:30:00+01:00,1.16442,1.16523,1.16414,1.16442,0
2026-05-27 15:00:00+01:00,1.16442,1.16537,1.16414,1.16523,0
2026-05-27 15:30:00+01:00,1.16523,1.16564,1.16306,1.16306,0
2026-05-27 16:00:00+01:00,1.16266,1.16401,1.16266,1.16374,0
2026-05-27 16:30:00+01:00,1.16374,1.16428,1.16306,1.1636,0
2026-05-27 17:00:00+01:00,1.1636,1.16374,1.16293,1.1636,0
2026-05-27 17:30:00+01:00,1.1636,1.16387,1.1632,1.1636,0
2026-05-27 18:00:00+01:00,1.16387,1.16387,1.16266,1.16279,0
2026-05-27 18:30:00+01:00,1.16266,1.16347,1.16252,1.16306,0
2026-05-27 19:00:00+01:00,1.16306,1.1632,1.16266,1.16279,0
2026-05-27 19:30:00+01:00,1.16293,1.16347,1.16279,1.16333,0
2026-05-27 20:00:00+01:00,1.16333,1.16374,1.1632,1.16347,0
2026-05-27 20:30:00+01:00,1.16347,1.16387,1.16306,1.1632,0
2026-05-27 21:00:00+01:00,1.1632,1.16374,1.16306,1.16306,0
2026-05-27 21:30:00+01:00,1.1632,1.1636,1.16293,1.16293,0
2026-05-27 22:00:00+01:00,1.16401,1.16401,1.16293,1.16293,0
2026-05-27 22:30:00+01:00,1.16306,1.16333,1.16293,1.1632,0
2026-05-27 23:00:00+01:00,1.16306,1.16333,1.16306,1.1632,0
2026-05-27 23:30:00+01:00,1.16306,1.1632,1.16293,1.16293,0
2026-05-28 00:00:00+01:00,1.16293,1.16333,1.16252,1.16252,0
2026-05-28 00:30:00+01:00,1.16252,1.16266,1.16198,1.16212,0
2026-05-28 01:00:00+01:00,1.16198,1.16266,1.16198,1.16266,0
2026-05-28 01:30:00+01:00,1.16252,1.16252,1.16212,1.16252,0
2026-05-28 02:00:00+01:00,1.16239,1.16239,1.16212,1.16225,0
2026-05-28 02:30:00+01:00,1.16225,1.16225,1.16131,1.16131,0
2026-05-28 03:00:00+01:00,1.16144,1.16184,1.16131,1.16171,0
2026-05-28 03:30:00+01:00,1.16184,1.16184,1.16144,1.16158,0
2026-05-28 04:00:00+01:00,1.16158,1.16171,1.1605,1.1605,0
2026-05-28 04:30:00+01:00,1.16036,1.16036,1.15915,1.15915,0
2026-05-28 05:00:00+01:00,1.15915,1.15955,1.15902,1.15915,0
2026-05-28 05:30:00+01:00,1.15915,1.15955,1.15915,1.15955,0
2026-05-28 06:00:00+01:00,1.15955,1.15982,1.15929,1.15982,0
2026-05-28 06:30:00+01:00,1.15996,1.1605,1.15996,1.16023,0
2026-05-28 07:00:00+01:00,1.16023,1.16131,1.16023,1.16104,0
2026-05-28 07:30:00+01:00,1.1609,1.16158,1.1609,1.16144,0
2026-05-28 08:00:00+01:00,1.16158,1.16212,1.16158,1.16158,0
2026-05-28 08:30:00+01:00,1.16171,1.16171,1.16144,1.16144,0
2026-05-28 09:00:00+01:00,1.16158,1.16184,1.16104,1.16131,0
2026-05-28 09:30:00+01:00,1.16131,1.16198,1.16131,1.16198,0
2026-05-28 10:00:00+01:00,1.16198,1.16225,1.16184,1.16212,0
2026-05-28 10:30:00+01:00,1.16212,1.16212,1.16158,1.16158,0
2026-05-28 11:00:00+01:00,1.16171,1.16184,1.16131,1.16171,0
2026-05-28 11:30:00+01:00,1.16171,1.16184,1.16077,1.16077,0
2026-05-28 12:00:00+01:00,1.16077,1.16144,1.16077,1.16144,0
2026-05-28 12:30:00+01:00,1.16131,1.16252,1.16117,1.16212,0
2026-05-28 13:00:00+01:00,1.16212,1.16279,1.16198,1.16279,0
2026-05-28 13:30:00+01:00,1.16306,1.16401,1.16306,1.16401,0
2026-05-28 14:00:00+01:00,1.16414,1.16455,1.1636,1.16374,0
2026-05-28 14:30:00+01:00,1.1636,1.16414,1.16333,1.16333,0
2026-05-28 15:00:00+01:00,1.1632,1.16604,1.16306,1.16564,0
2026-05-28 15:30:00+01:00,1.16604,1.16604,1.16469,1.16496,0
2026-05-28 16:00:00+01:00,1.16537,1.16577,1.16537,1.16564,0
2026-05-28 16:30:00+01:00,1.16564,1.16591,1.16523,1.16523,0
2026-05-28 17:00:00+01:00,1.16523,1.16632,1.16496,1.16604,0
2026-05-28 17:30:00+01:00,1.16604,1.16632,1.16577,1.16604,0
2026-05-28 18:00:00+01:00,1.16604,1.16604,1.1655,1.1655,0
2026-05-28 18:30:00+01:00,1.1655,1.16577,1.1655,1.16577,0
2026-05-28 19:00:00+01:00,1.16564,1.16577,1.16523,1.16523,0
2026-05-28 19:30:00+01:00,1.16523,1.16537,1.16496,1.16509,0
2026-05-28 20:00:00+01:00,1.16509,1.16523,1.16509,1.16523,0
2026-05-28 20:30:00+01:00,1.16537,1.1655,1.16509,1.16509,0
2026-05-28 21:00:00+01:00,1.16496,1.16509,1.16482,1.16496,0
2026-05-28 21:30:00+01:00,1.16496,1.16537,1.16496,1.16537,0
2026-05-28 22:00:00+01:00,1.16537,1.16564,1.16509,1.16537,0
2026-05-28 22:30:00+01:00,1.16523,1.16564,1.16509,1.16537,0
2026-05-28 23:00:00+01:00,1.1655,1.16564,1.16537,1.1655,0
2026-05-28 23:30:00+01:00,1.16537,1.1655,1.16537,1.16537,0
2026-05-29 00:00:00+01:00,1.16537,1.16564,1.16537,1.1655,0
2026-05-29 00:30:00+01:00,1.1655,1.16564,1.16537,1.16564,0
2026-05-29 01:00:00+01:00,1.16564,1.16591,1.16564,1.16577,0
2026-05-29 01:30:00+01:00,1.16564,1.16564,1.16509,1.16523,0
2026-05-29 02:00:00+01:00,1.16523,1.16604,1.16509,1.16577,0
2026-05-29 02:30:00+01:00,1.16577,1.16577,1.16469,1.16482,0
2026-05-29 03:00:00+01:00,1.16496,1.16509,1.16482,1.16496,0
2026-05-29 03:30:00+01:00,1.16496,1.16537,1.16482,1.16482,0
2026-05-29 04:00:00+01:00,1.16482,1.16482,1.16442,1.16442,0
2026-05-29 04:30:00+01:00,1.16455,1.16455,1.16401,1.16401,0
2026-05-29 05:00:00+01:00,1.16414,1.16428,1.16387,1.16387,0
2026-05-29 05:30:00+01:00,1.16387,1.16428,1.16387,1.16428,0
2026-05-29 06:00:00+01:00,1.16428,1.16469,1.16414,1.16442,0
2026-05-29 06:30:00+01:00,1.16455,1.16455,1.16428,1.16455,0
2026-05-29 07:00:00+01:00,1.16455,1.16509,1.16455,1.16482,0
2026-05-29 07:30:00+01:00,1.16496,1.16577,1.16496,1.16577,0
2026-05-29 08:00:00+01:00,1.1655,1.16564,1.16455,1.16469,0
2026-05-29 08:30:00+01:00,1.16442,1.16469,1.16414,1.16455,0
2026-05-29 09:00:00+01:00,1.16401,1.16414,1.16374,1.16414,0
2026-05-29 09:30:00+01:00,1.16414,1.16428,1.16293,1.1632,0
2026-05-29 10:00:00+01:00,1.16306,1.16414,1.16306,1.16401,0
2026-05-29 10:30:00+01:00,1.16401,1.16455,1.16374,1.16455,0
2026-05-29 11:00:00+01:00,1.16442,1.16482,1.16414,1.16455,0
2026-05-29 11:30:00+01:00,1.16469,1.16482,1.16455,1.16469,0
2026-05-29 12:00:00+01:00,1.16455,1.16482,1.16442,1.16469,0
2026-05-29 12:30:00+01:00,1.16442,1.16523,1.16442,1.16523,0
2026-05-29 13:00:00+01:00,1.16523,1.16523,1.16469,1.16496,0
2026-05-29 13:30:00+01:00,1.16496,1.16523,1.16455,1.16523,0
2026-05-29 14:00:00+01:00,1.16509,1.1655,1.16496,1.16523,0
2026-05-29 14:30:00+01:00,1.16537,1.16564,1.16482,1.16509,0
2026-05-29 15:00:00+01:00,1.16509,1.16537,1.16455,1.16496,0
2026-05-29 15:30:00+01:00,1.16496,1.16768,1.16442,1.16754,0
2026-05-29 16:00:00+01:00,1.16713,1.16836,1.16713,1.16795,0
2026-05-29 16:30:00+01:00,1.16795,1.16877,1.16795,1.16809,0
2026-05-29 17:00:00+01:00,1.16809,1.16809,1.16713,1.16741,0
2026-05-29 17:30:00+01:00,1.16727,1.16768,1.16713,1.16754,0
2026-05-29 18:00:00+01:00,1.16754,1.16768,1.167,1.16713,0
2026-05-29 18:30:00+01:00,1.16713,1.16713,1.16659,1.16659,0
2026-05-29 19:00:00+01:00,1.16659,1.16686,1.16659,1.16673,0
2026-05-29 19:30:00+01:00,1.16686,1.16713,1.16659,1.16686,0
2026-05-29 20:00:00+01:00,1.16686,1.16727,1.16686,1.167,0
2026-05-29 20:30:00+01:00,1.16727,1.16727,1.16673,1.16673,0
2026-05-29 21:00:00+01:00,1.16673,1.16673,1.16645,1.16645,0
2026-05-29 21:30:00+01:00,1.16645,1.16659,1.16618,1.16618,0
2026-05-29 22:00:00+01:00,1.16591,1.16591,1.16591,1.16591,0
2026-06-01 00:00:00+01:00,1.16577,1.16591,1.16564,1.16591,0
2026-06-01 00:30:00+01:00,1.16591,1.16591,1.16523,1.16523,0
2026-06-01 01:00:00+01:00,1.16523,1.16564,1.16496,1.16509,0
2026-06-01 01:30:00+01:00,1.16509,1.16509,1.16482,1.16509,0
2026-06-01 02:00:00+01:00,1.16496,1.16496,1.16469,1.16469,0
2026-06-01 02:30:00+01:00,1.16469,1.16482,1.16455,1.16482,0
2026-06-01 03:00:00+01:00,1.16482,1.16482,1.16469,1.16482,0
2026-06-01 03:30:00+01:00,1.16469,1.16496,1.16469,1.16496,0
2026-06-01 04:00:00+01:00,1.16496,1.16523,1.16469,1.16509,0
2026-06-01 04:30:00+01:00,1.16509,1.16509,1.16455,1.16469,0
2026-06-01 05:00:00+01:00,1.16469,1.16509,1.16469,1.16509,0
2026-06-01 05:30:00+01:00,1.16509,1.16523,1.16496,1.16509,0
2026-06-01 06:00:00+01:00,1.16523,1.16564,1.16523,1.1655,0
2026-06-01 06:30:00+01:00,1.1655,1.16564,1.16537,1.16537,0
2026-06-01 07:00:00+01:00,1.16564,1.16591,1.16537,1.16537,0
2026-06-01 07:30:00+01:00,1.1655,1.16686,1.1655,1.16686,0
2026-06-01 08:00:00+01:00,1.16659,1.16659,1.16604,1.16618,0
2026-06-01 08:30:00+01:00,1.16618,1.16618,1.1655,1.16604,0
2026-06-01 09:00:00+01:00,1.16591,1.16632,1.16591,1.16632,0
2026-06-01 09:30:00+01:00,1.16618,1.16632,1.16564,1.16618,0
2026-06-01 10:00:00+01:00,1.16632,1.16632,1.16523,1.16523,0
2026-06-01 10:30:00+01:00,1.16523,1.16537,1.16523,1.16537,0
2026-06-01 11:00:00+01:00,1.16537,1.16537,1.16509,1.16523,0
2026-06-01 11:30:00+01:00,1.16537,1.16537,1.16496,1.16509,0
2026-06-01 12:00:00+01:00,1.16509,1.16509,1.16455,1.16496,0
2026-06-01 12:30:00+01:00,1.16496,1.16509,1.16469,1.16496,0
2026-06-01 13:00:00+01:00,1.16509,1.16537,1.16496,1.16537,0
2026-06-01 13:30:00+01:00,1.16523,1.16537,1.16496,1.16509,0
2026-06-01 14:00:00+01:00,1.16509,1.16509,1.16293,1.16306,0
2026-06-01 14:30:00+01:00,1.16279,1.1632,1.16144,1.16144,0
2026-06-01 15:00:00+01:00,1.16117,1.16212,1.16104,1.16158,0
2026-06-01 15:30:00+01:00,1.16184,1.16212,1.16144,1.16198,0
2026-06-01 16:00:00+01:00,1.16212,1.16252,1.16184,1.16252,0
2026-06-01 16:30:00+01:00,1.16306,1.16306,1.16266,1.16266,0
2026-06-01 17:00:00+01:00,1.16279,1.16279,1.16198,1.16252,0
2026-06-01 17:30:00+01:00,1.16252,1.16333,1.16252,1.16333,0
2026-06-01 18:00:00+01:00,1.16333,1.16333,1.16293,1.16306,0
2026-06-01 18:30:00+01:00,1.16333,1.16401,1.16333,1.16387,0
2026-06-01 19:00:00+01:00,1.16387,1.16387,1.16374,1.16374,0
2026-06-01 19:30:00+01:00,1.1636,1.16387,1.16347,1.16347,0
2026-06-01 20:00:00+01:00,1.16347,1.16374,1.16347,1.1636,0
2026-06-01 20:30:00+01:00,1.1636,1.1636,1.16306,1.16347,0
2026-06-01 21:00:00+01:00,1.1636,1.16374,1.16333,1.16347,0
2026-06-01 21:30:00+01:00,1.16347,1.16374,1.16347,1.1636,0
2026-06-01 22:00:00+01:00,1.16374,1.16442,1.16333,1.16387,0
2026-06-01 22:30:00+01:00,1.1636,1.16401,1.16347,1.16387,0
2026-06-01 23:00:00+01:00,1.16374,1.16387,1.1636,1.1636,0
2026-06-01 23:30:00+01:00,1.16374,1.16387,1.1636,1.16374,0
2026-06-02 00:00:00+01:00,1.16387,1.16401,1.16387,1.16387,0
2026-06-02 00:30:00+01:00,1.16387,1.16401,1.1636,1.16387,0
2026-06-02 01:00:00+01:00,1.16387,1.16387,1.16333,1.1636,0
2026-06-02 01:30:00+01:00,1.1636,1.16374,1.16333,1.16347,0
2026-06-02 02:00:00+01:00,1.1636,1.16414,1.1636,1.16374,0
2026-06-02 02:30:00+01:00,1.16374,1.16387,1.1632,1.16347,0
2026-06-02 03:00:00+01:00,1.16347,1.16374,1.16347,1.16374,0
2026-06-02 03:30:00+01:00,1.16374,1.16374,1.16347,1.16347,0
2026-06-02 04:00:00+01:00,1.16347,1.1636,1.16347,1.1636,0
2026-06-02 04:30:00+01:00,1.1636,1.16387,1.1636,1.16374,0
2026-06-02 05:00:00+01:00,1.16374,1.16401,1.16374,1.16401,0
2026-06-02 05:30:00+01:00,1.16401,1.16428,1.16401,1.16414,0
2026-06-02 06:00:00+01:00,1.16414,1.16428,1.16414,1.16414,0
2026-06-02 06:30:00+01:00,1.16428,1.16428,1.16401,1.16401,0
2026-06-02 07:00:00+01:00,1.16414,1.16537,1.16414,1.16523,0
2026-06-02 07:30:00+01:00,1.16537,1.1655,1.16523,1.16537,0
2026-06-02 08:00:00+01:00,1.16523,1.16537,1.16482,1.16509,0
2026-06-02 08:30:00+01:00,1.16496,1.16523,1.16496,1.16523,0
2026-06-02 09:00:00+01:00,1.16523,1.1655,1.16496,1.16496,0
2026-06-02 09:30:00+01:00,1.16496,1.16509,1.16455,1.16469,0
2026-06-02 10:00:00+01:00,1.16455,1.16469,1.16442,1.16469,0
2026-06-02 10:30:00+01:00,1.16469,1.16482,1.16442,1.16469,0
2026-06-02 11:00:00+01:00,1.16455,1.16482,1.16428,1.16455,0
2026-06-02 11:30:00+01:00,1.16469,1.16496,1.16455,1.16469,0
2026-06-02 12:00:00+01:00,1.16469,1.16496,1.16469,1.16496,0
2026-06-02 12:30:00+01:00,1.16509,1.16564,1.16496,1.16537,0
2026-06-02 13:00:00+01:00,1.16537,1.16564,1.16523,1.1655,0
2026-06-02 13:30:00+01:00,1.16537,1.16591,1.16537,1.16537,0
2026-06-02 14:00:00+01:00,1.1655,1.1655,1.16496,1.16496,0
2026-06-02 14:30:00+01:00,1.16482,1.16509,1.16428,1.16469,0
2026-06-02 15:00:00+01:00,1.16401,1.16455,1.16401,1.16428,0
2026-06-02 15:30:00+01:00,1.16442,1.16523,1.16442,1.16469,0
2026-06-02 16:00:00+01:00,1.16469,1.16482,1.16401,1.16401,0
2026-06-02 16:30:00+01:00,1.16414,1.16442,1.16401,1.16442,0
2026-06-02 17:00:00+01:00,1.16414,1.16428,1.16347,1.16347,0
2026-06-02 17:30:00+01:00,1.16347,1.16347,1.16306,1.1632,0
2026-06-02 18:00:00+01:00,1.16333,1.16333,1.16266,1.16279,0
2026-06-02 18:30:00+01:00,1.16279,1.16279,1.16239,1.16252,0
2026-06-02 19:00:00+01:00,1.16252,1.16252,1.16171,1.16239,0
2026-06-02 19:30:00+01:00,1.16266,1.16333,1.16252,1.1632,0
2026-06-02 20:00:00+01:00,1.16333,1.1636,1.1632,1.16347,0
2026-06-02 20:30:00+01:00,1.16347,1.1636,1.16347,1.1636,0
2026-06-02 21:00:00+01:00,1.1636,1.16374,1.16347,1.16347,0
2026-06-02 21:30:00+01:00,1.16347,1.1636,1.16333,1.16347,0
2026-06-02 22:00:00+01:00,1.1632,1.1636,1.16306,1.1636,0
2026-06-02 22:30:00+01:00,1.16347,1.16374,1.16333,1.16333,0
2026-06-02 23:00:00+01:00,1.16333,1.16347,1.16306,1.1632,0
2026-06-02 23:30:00+01:00,1.1632,1.1632,1.16306,1.16306,0
2026-06-03 00:00:00+01:00,1.16306,1.16306,1.16252,1.16266,0
2026-06-03 00:30:00+01:00,1.16266,1.16266,1.16225,1.16252,0
2026-06-03 01:00:00+01:00,1.16252,1.16306,1.16252,1.16306,0
2026-06-03 01:30:00+01:00,1.16306,1.16333,1.16306,1.1632,0
2026-06-03 02:00:00+01:00,1.16306,1.16333,1.16293,1.16333,0
2026-06-03 02:30:00+01:00,1.16333,1.1636,1.1632,1.16333,0
2026-06-03 03:00:00+01:00,1.16333,1.1636,1.1632,1.1632,0
2026-06-03 03:30:00+01:00,1.16306,1.16333,1.16293,1.1632,0
2026-06-03 04:00:00+01:00,1.16306,1.16333,1.16306,1.16306,0
2026-06-03 04:30:00+01:00,1.16306,1.16333,1.16306,1.16306,0
2026-06-03 05:00:00+01:00,1.16306,1.16306,1.16279,1.16279,0
2026-06-03 05:30:00+01:00,1.16279,1.16293,1.16279,1.16293,0
2026-06-03 06:00:00+01:00,1.16293,1.16306,1.16252,1.16252,0
2026-06-03 06:30:00+01:00,1.16252,1.16266,1.16225,1.16225,0
2026-06-03 07:00:00+01:00,1.16225,1.16252,1.16171,1.16198,0
2026-06-03 07:30:00+01:00,1.16198,1.16212,1.16171,1.16198,0
2026-06-03 08:00:00+01:00,1.16184,1.16239,1.16171,1.16171,0
2026-06-03 08:30:00+01:00,1.16171,1.16252,1.16171,1.16198,0
2026-06-03 09:00:00+01:00,1.16184,1.16198,1.16131,1.16158,0
2026-06-03 09:30:00+01:00,1.16158,1.16184,1.1609,1.16117,0
2026-06-03 10:00:00+01:00,1.16131,1.16198,1.16131,1.16158,0
2026-06-03 10:30:00+01:00,1.16158,1.16184,1.16131,1.16171,0
2026-06-03 11:00:00+01:00,1.16171,1.16252,1.16171,1.16184,0
2026-06-03 11:30:00+01:00,1.16198,1.16212,1.16184,1.16198,0
2026-06-03 12:00:00+01:00,1.16198,1.16239,1.16198,1.16239,0
2026-06-03 12:30:00+01:00,1.16239,1.16252,1.16212,1.16212,0
2026-06-03 13:00:00+01:00,1.16198,1.16198,1.16104,1.16104,0
2026-06-03 13:30:00+01:00,1.1609,1.1609,1.16009,1.16036,0
2026-06-03 14:00:00+01:00,1.16036,1.16077,1.16009,1.16077,0
2026-06-03 14:30:00+01:00,1.1609,1.1609,1.16036,1.16063,0
2026-06-03 15:00:00+01:00,1.1609,1.16117,1.16036,1.16077,0
2026-06-03 15:30:00+01:00,1.1605,1.16158,1.15982,1.16158,0
2026-06-03 16:00:00+01:00,1.16144,1.16144,1.16063,1.16104,0
2026-06-03 16:30:00+01:00,1.16104,1.16131,1.16077,1.16077,0
2026-06-03 17:00:00+01:00,1.16077,1.16077,1.15996,1.16023,0
2026-06-03 17:30:00+01:00,1.16023,1.1605,1.15982,1.16036,0
2026-06-03 18:00:00+01:00,1.16036,1.16063,1.16009,1.16009,0
2026-06-03 18:30:00+01:00,1.16009,1.16036,1.16009,1.16023,0
2026-06-03 19:00:00+01:00,1.16023,1.16023,1.15996,1.16009,0
2026-06-03 19:30:00+01:00,1.16009,1.16023,1.15996,1.16023,0
2026-06-03 20:00:00+01:00,1.16023,1.16036,1.16009,1.16009,0
2026-06-03 20:30:00+01:00,1.16009,1.16023,1.16009,1.16009,0
2026-06-03 21:00:00+01:00,1.16023,1.16036,1.16009,1.16036,0
2026-06-03 21:30:00+01:00,1.16036,1.16036,1.16009,1.16023,0
2026-06-03 22:00:00+01:00,1.1605,1.16077,1.16009,1.16023,0
2026-06-03 22:30:00+01:00,1.16036,1.1605,1.16009,1.16023,0
2026-06-03 23:00:00+01:00,1.16023,1.16023,1.15982,1.16009,0
2026-06-03 23:30:00+01:00,1.16009,1.16104,1.16009,1.16077,0
