Datetime,Open,High,Low,Close
2025-01-17T20:00,0.18,0.24,0.16,0.22
2025-01-17T21:00,0.22,0.42,0.20,0.38
2025-01-17T22:00,0.38,0.85,0.35,0.72
2025-01-17T23:00,0.72,1.45,0.68,1.28
2025-01-18T00:00,1.28,2.85,1.20,2.48
2025-01-18T01:00,2.48,4.92,2.35,4.25
2025-01-18T02:00,4.25,6.85,4.10,6.20
2025-01-18T03:00,6.20,9.45,5.95,8.75
2025-01-18T04:00,8.75,13.20,8.50,12.45
2025-01-18T05:00,12.45,17.85,12.10,16.80
2025-01-18T06:00,16.80,22.50,16.40,21.25
2025-01-18T07:00,21.25,26.80,20.90,25.40
2025-01-18T08:00,25.40,31.50,24.80,29.85
2025-01-18T09:00,29.85,35.20,29.10,33.60
2025-01-18T10:00,33.60,39.45,32.90,37.80
2025-01-18T11:00,37.80,43.20,37.10,41.50
2025-01-18T12:00,41.50,46.80,40.80,45.20
2025-01-18T13:00,45.20,50.45,44.50,49.10
2025-01-18T14:00,49.10,54.20,48.40,52.80
2025-01-18T15:00,52.80,58.50,52.10,56.95
2025-01-18T16:00,56.95,62.80,56.20,61.40
2025-01-18T17:00,61.40,66.50,60.80,65.20
2025-01-18T18:00,65.20,69.80,64.50,68.40
2025-01-18T19:00,68.40,72.50,67.80,71.20
2025-01-18T20:00,71.20,73.80,70.50,72.60
2025-01-18T21:00,72.60,74.80,71.90,73.95
2025-01-18T22:00,73.95,74.95,73.20,74.36
2025-01-18T23:00,74.36,75.20,72.80,73.50
2025-01-19T00:00,73.50,74.10,70.50,71.20
2025-01-19T01:00,71.20,72.50,66.80,68.45
2025-01-19T02:00,68.45,70.20,63.50,65.10
2025-01-19T03:00,65.10,66.80,60.20,61.85
2025-01-19T04:00,61.85,63.50,57.20,58.60
2025-01-19T05:00,58.60,60.40,54.50,55.80
2025-01-19T06:00,55.80,57.50,51.80,52.95
2025-01-19T07:00,52.95,54.20,49.20,50.40
2025-01-19T08:00,50.40,52.00,46.80,48.20
2025-01-19T09:00,48.20,49.50,44.50,45.80
2025-01-19T10:00,45.80,47.20,42.50,43.60
2025-01-19T11:00,43.60,45.00,40.50,41.80
2025-01-19T12:00,41.80,43.20,38.80,40.10
2025-01-19T13:00,40.10,41.50,37.20,38.50
2025-01-19T14:00,38.50,40.00,35.80,36.90
2025-01-19T15:00,36.90,38.20,34.50,35.40
2025-01-19T16:00,35.40,36.80,33.20,34.10
2025-01-19T17:00,34.10,35.50,32.00,32.80
2025-01-19T18:00,32.80,34.00,30.80,31.60
2025-01-19T19:00,31.60,32.80,29.50,30.40
2025-01-19T20:00,30.40,31.60,28.50,29.20
2025-01-19T21:00,29.20,30.50,27.40,28.10
2025-01-19T22:00,28.10,29.20,26.50,27.20
2025-01-19T23:00,27.20,28.20,25.60,26.40
2025-01-20T00:00,26.40,27.50,24.80,25.60
2025-01-20T02:00,25.60,26.80,23.50,24.40
2025-01-20T04:00,24.40,25.50,22.80,23.50
2025-01-20T06:00,23.50,24.60,21.80,22.50
2025-01-20T08:00,22.50,23.50,20.80,21.60
2025-01-20T10:00,21.60,22.50,20.00,20.80
2025-01-20T12:00,20.80,21.80,19.20,20.00
2025-01-20T14:00,20.00,21.00,18.50,19.20
2025-01-20T16:00,19.20,20.20,17.80,18.50
2025-01-20T20:00,18.50,19.50,17.00,17.80
