DateTime,Open,High,Low,Close,Volume
2025-05-01 00:00,3200.00,3200.47,3196.28,3197.97,1800
2025-05-01 04:00,3197.97,3199.69,3194.48,3195.44,1775
2025-05-01 08:00,3195.44,3196.54,3193.09,3193.99,2423
2025-05-01 12:00,3193.99,3208.99,3188.46,3206.85,1628
2025-05-01 16:00,3206.85,3208.26,3204.34,3205.11,1991
2025-05-01 20:00,3205.11,3218.01,3161.90,3179.32,1504
2025-05-02 00:00,3179.32,3189.15,3173.90,3185.65,1477
2025-05-02 04:00,3185.65,3187.67,3179.04,3181.47,1427
2025-05-02 08:00,3181.47,3182.75,3177.31,3178.18,1194
2025-05-02 12:00,3178.18,3181.85,3176.01,3180.71,2360
2025-05-02 16:00,3180.71,3188.96,3179.19,3185.28,2312
2025-05-02 20:00,3185.28,3219.02,3167.71,3206.24,2356
2025-05-03 00:00,3206.24,3226.20,3201.16,3218.34,1005
2025-05-03 04:00,3218.34,3223.13,3217.28,3220.81,1539
2025-05-03 08:00,3220.81,3224.83,3206.22,3208.27,1893
2025-05-03 12:00,3208.27,3212.96,3187.57,3190.92,911
2025-05-03 16:00,3190.92,3199.01,3186.99,3195.75,1058
2025-05-03 20:00,3195.75,3237.26,3175.30,3219.39,1010
2025-05-04 00:00,3219.39,3221.86,3218.52,3220.63,1761
2025-05-04 04:00,3220.63,3221.47,3218.61,3219.26,905
2025-05-04 08:00,3219.26,3233.08,3209.63,3229.20,1033
2025-05-04 12:00,3229.20,3252.67,3190.62,3204.00,951
2025-05-04 16:00,3204.00,3207.48,3195.00,3199.00,1110
2025-05-04 20:00,3199.00,3210.82,3192.74,3208.15,1422
2025-05-05 00:00,3208.15,3227.80,3202.00,3224.11,1942
2025-05-05 04:00,3224.11,3227.40,3217.63,3220.36,2419
2025-05-05 08:00,3220.36,3232.85,3213.98,3227.54,1579
2025-05-05 12:00,3227.54,3235.31,3224.74,3232.47,2005
2025-05-05 16:00,3232.47,3262.68,3226.10,3246.92,2071
2025-05-05 20:00,3246.92,3250.92,3207.10,3227.61,1003
2025-05-06 00:00,3227.61,3249.37,3223.92,3238.23,1232
2025-05-06 04:00,3238.23,3248.80,3205.89,3211.87,1291
2025-05-06 08:00,3211.87,3226.19,3156.36,3166.42,805
2025-05-06 12:00,3166.42,3171.83,3148.28,3156.37,1762
2025-05-06 16:00,3156.37,3162.93,3135.33,3141.01,2247
2025-05-06 20:00,3141.01,3163.24,3125.86,3156.68,945
2025-05-07 00:00,3156.68,3178.42,3144.29,3168.74,2413
2025-05-07 04:00,3168.74,3187.38,3133.37,3148.06,2446
2025-05-07 08:00,3148.06,3179.03,3139.64,3163.27,1915
2025-05-07 12:00,3163.27,3169.41,3141.45,3146.37,1344
2025-05-07 16:00,3146.37,3147.30,3145.16,3145.38,1139
2025-05-07 20:00,3145.38,3149.52,3137.52,3140.80,2488
2025-05-08 00:00,3140.80,3144.98,3139.75,3143.27,1054
2025-05-08 04:00,3143.27,3166.70,3136.83,3157.96,1624
2025-05-08 08:00,3157.96,3181.71,3150.70,3169.57,1811
2025-05-08 12:00,3169.57,3179.91,3164.82,3176.17,1684
2025-05-08 16:00,3176.17,3198.12,3167.58,3188.05,852
2025-05-08 20:00,3188.05,3199.07,3178.58,3196.96,1978
2025-05-09 00:00,3196.96,3204.39,3184.68,3186.46,2366
2025-05-09 04:00,3186.46,3195.96,3169.52,3174.41,882
2025-05-09 08:00,3174.41,3181.15,3164.29,3166.72,1862
2025-05-09 12:00,3166.72,3183.02,3157.32,3175.93,1171
2025-05-09 16:00,3175.93,3180.17,3169.89,3172.07,2467
2025-05-09 20:00,3172.07,3239.22,3162.24,3213.59,1512
2025-05-10 00:00,3213.59,3221.09,3193.31,3199.65,1014
2025-05-10 04:00,3199.65,3217.77,3172.17,3180.87,2220
2025-05-10 08:00,3180.87,3203.53,3169.98,3194.85,1620
2025-05-10 12:00,3194.85,3244.06,3177.64,3220.44,1731
2025-05-10 16:00,3220.44,3232.14,3216.75,3229.92,1037
2025-05-10 20:00,3229.92,3261.82,3221.70,3245.32,1853
2025-05-11 00:00,3245.32,3295.75,3241.38,3271.40,1911
2025-05-11 04:00,3271.40,3272.09,3269.99,3270.22,1861
2025-05-11 08:00,3270.22,3282.56,3223.55,3245.24,2080
2025-05-11 12:00,3245.24,3250.36,3234.49,3236.27,1346
2025-05-11 16:00,3236.27,3265.56,3218.20,3253.79,1697
2025-05-11 20:00,3253.79,3278.68,3213.17,3228.57,859
2025-05-12 00:00,3228.57,3230.87,3227.77,3229.68,1290
2025-05-12 04:00,3229.68,3238.82,3227.45,3234.69,828
2025-05-12 08:00,3234.69,3238.13,3228.38,3229.59,1032
2025-05-12 12:00,3229.59,3250.87,3226.09,3242.99,1115
2025-05-12 16:00,3242.99,3260.67,3233.94,3253.88,1842
2025-05-12 20:00,3253.88,3330.93,3230.82,3296.21,1788
2025-05-13 00:00,3296.21,3320.73,3291.71,3307.99,1928
2025-05-13 04:00,3307.99,3311.02,3293.95,3297.45,2027
2025-05-13 08:00,3297.45,3303.55,3278.28,3287.79,942
2025-05-13 12:00,3287.79,3293.77,3260.26,3273.31,1649
2025-05-13 16:00,3273.31,3299.39,3257.40,3291.02,1347
2025-05-13 20:00,3291.02,3300.06,3277.22,3281.29,1411
2025-05-14 00:00,3281.29,3282.00,3280.02,3280.54,2151
2025-05-14 04:00,3280.54,3303.27,3276.45,3294.61,1903
2025-05-14 08:00,3294.61,3302.28,3276.20,3282.05,2362
2025-05-14 12:00,3282.05,3285.23,3274.49,3277.27,1459
2025-05-14 16:00,3277.27,3309.00,3209.60,3244.76,1289
2025-05-14 20:00,3244.76,3257.76,3219.04,3226.01,2388
2025-05-15 00:00,3226.01,3231.17,3212.15,3216.47,1768
2025-05-15 04:00,3216.47,3230.80,3209.22,3224.34,1590
2025-05-15 08:00,3224.34,3269.77,3204.71,3246.09,2135
2025-05-15 12:00,3246.09,3246.47,3245.97,3246.27,875
2025-05-15 16:00,3246.27,3252.86,3240.74,3251.46,1479
2025-05-15 20:00,3251.46,3258.41,3248.01,3254.98,1701
2025-05-16 00:00,3254.98,3279.87,3234.68,3274.97,831
2025-05-16 04:00,3274.97,3305.55,3265.99,3291.63,2140
2025-05-16 08:00,3291.63,3302.98,3290.41,3297.11,2400
2025-05-16 12:00,3297.11,3316.13,3270.97,3279.34,2218
2025-05-16 16:00,3279.34,3305.09,3275.53,3296.20,1472
2025-05-16 20:00,3296.20,3310.78,3289.01,3303.64,1578
2025-05-17 00:00,3303.64,3350.72,3286.57,3326.53,2355
2025-05-17 04:00,3326.53,3326.55,3326.50,3326.51,2064
2025-05-17 08:00,3326.51,3370.81,3299.18,3362.97,1388
2025-05-17 12:00,3362.97,3369.67,3351.63,3356.87,1688
2025-05-17 16:00,3356.87,3419.42,3330.63,3386.95,2241
2025-05-17 20:00,3386.95,3392.26,3385.42,3389.63,2221
2025-05-18 00:00,3389.63,3393.58,3378.94,3380.56,1464
2025-05-18 04:00,3380.56,3399.03,3351.43,3360.17,1567
2025-05-18 08:00,3360.17,3361.43,3357.05,3357.91,1643
2025-05-18 12:00,3357.91,3403.35,3333.60,3384.84,1148
2025-05-18 16:00,3384.84,3405.60,3373.34,3400.61,1583
2025-05-18 20:00,3400.61,3423.99,3395.51,3414.06,1994
2025-05-19 00:00,3414.06,3426.58,3344.52,3370.27,1320
2025-05-19 04:00,3370.27,3392.07,3359.50,3384.01,2447
2025-05-19 08:00,3384.01,3401.36,3379.40,3394.91,1919
2025-05-19 12:00,3394.91,3397.82,3379.66,3385.19,1507
2025-05-19 16:00,3385.19,3397.30,3369.23,3374.07,1668
2025-05-19 20:00,3374.07,3374.95,3373.78,3374.56,1418
2025-05-20 00:00,3374.56,3418.36,3357.70,3407.26,1789
2025-05-20 04:00,3407.26,3412.08,3378.26,3388.08,1535
2025-05-20 08:00,3388.08,3393.25,3372.54,3380.66,1404
2025-05-20 12:00,3380.66,3411.05,3356.30,3406.61,1610
2025-05-20 16:00,3406.61,3409.82,3393.43,3398.80,2204
2025-05-20 20:00,3398.80,3404.37,3385.80,3392.53,2041
2025-05-21 00:00,3392.53,3396.92,3390.31,3394.90,1386
2025-05-21 04:00,3394.90,3414.91,3364.02,3372.33,2442
2025-05-21 08:00,3372.33,3379.19,3368.85,3376.95,2071
2025-05-21 12:00,3376.95,3385.43,3336.12,3355.09,2371
2025-05-21 16:00,3355.09,3385.12,3339.09,3372.00,2086
2025-05-21 20:00,3372.00,3372.73,3371.55,3372.59,880
2025-05-22 00:00,3372.59,3434.90,3348.04,3415.75,1986
2025-05-22 04:00,3415.75,3424.47,3414.15,3421.58,1404
2025-05-22 08:00,3421.58,3460.05,3407.23,3447.92,1211
2025-05-22 12:00,3447.92,3454.55,3407.88,3423.83,1549
2025-05-22 16:00,3423.83,3424.98,3420.29,3422.08,2500
2025-05-22 20:00,3422.08,3430.74,3415.32,3428.71,1786
2025-05-23 00:00,3428.71,3498.28,3414.23,3462.33,1493
2025-05-23 04:00,3462.33,3490.96,3412.38,3431.02,954
2025-05-23 08:00,3431.02,3455.78,3410.41,3450.31,2185
2025-05-23 12:00,3450.31,3471.97,3437.56,3462.09,2447
2025-05-23 16:00,3462.09,3512.27,3455.05,3491.97,1608
2025-05-23 20:00,3491.97,3508.56,3482.56,3506.24,1731
2025-05-24 00:00,3506.24,3508.58,3504.89,3507.80,1336
2025-05-24 04:00,3507.80,3514.49,3489.46,3498.30,1560
2025-05-24 08:00,3498.30,3504.21,3466.21,3474.92,851
2025-05-24 12:00,3474.92,3482.37,3470.43,3479.20,1471
2025-05-24 16:00,3479.20,3482.38,3474.97,3476.09,929
2025-05-24 20:00,3476.09,3545.17,3452.80,3515.48,2235
2025-05-25 00:00,3515.48,3520.40,3498.20,3504.24,1086
2025-05-25 04:00,3504.24,3512.28,3503.00,3510.98,1808
2025-05-25 08:00,3510.98,3518.69,3470.32,3481.36,1900
2025-05-25 12:00,3481.36,3483.32,3470.28,3474.35,2173
2025-05-25 16:00,3474.35,3485.73,3469.85,3479.90,1906
2025-05-25 20:00,3479.90,3505.22,3465.91,3496.25,1116
2025-05-26 00:00,3496.25,3553.03,3474.24,3524.77,1802
2025-05-26 04:00,3524.77,3524.99,3524.16,3524.47,1372
2025-05-26 08:00,3524.47,3528.28,3492.88,3503.44,1708
2025-05-26 12:00,3503.44,3518.20,3499.92,3512.83,1542
2025-05-26 16:00,3512.83,3525.97,3504.36,3523.39,1915
2025-05-26 20:00,3523.39,3543.65,3515.68,3533.49,924
2025-05-27 00:00,3533.49,3540.37,3516.16,3520.46,1050
2025-05-27 04:00,3520.46,3566.77,3499.40,3543.03,987
2025-05-27 08:00,3543.03,3547.08,3541.31,3545.31,2022
2025-05-27 12:00,3545.31,3574.81,3542.49,3559.54,1483
2025-05-27 16:00,3559.54,3594.91,3552.64,3585.14,1956
2025-05-27 20:00,3585.14,3602.09,3573.32,3597.75,1935
2025-05-28 00:00,3597.75,3606.16,3595.53,3603.99,1277
2025-05-28 04:00,3603.99,3667.60,3591.37,3647.49,2020
2025-05-28 08:00,3647.49,3653.80,3642.21,3652.97,1096
2025-05-28 12:00,3652.97,3658.80,3644.04,3647.60,2435
2025-05-28 16:00,3647.60,3651.32,3645.40,3650.43,852
2025-05-28 20:00,3650.43,3689.29,3635.48,3680.90,2414
2025-05-29 00:00,3680.90,3685.01,3679.53,3683.89,1156
2025-05-29 04:00,3683.89,3699.48,3680.88,3695.01,1662
2025-05-29 08:00,3695.01,3736.20,3673.58,3719.98,1775
2025-05-29 12:00,3719.98,3725.68,3705.20,3710.09,2015
2025-05-29 16:00,3710.09,3718.83,3653.93,3675.61,2059
2025-05-29 20:00,3675.61,3683.52,3669.67,3682.25,2149
2025-05-30 00:00,3682.25,3690.87,3679.18,3687.49,863
2025-05-30 04:00,3687.49,3689.92,3668.66,3675.76,1622
2025-05-30 08:00,3675.76,3704.12,3671.15,3694.00,2258
2025-05-30 12:00,3694.00,3720.08,3691.15,3706.95,965
2025-05-30 16:00,3706.95,3715.91,3681.58,3687.30,1058
2025-05-30 20:00,3687.30,3702.98,3678.95,3698.41,1923
2025-05-31 00:00,3698.41,3701.22,3693.27,3695.01,2023
2025-05-31 04:00,3695.01,3714.26,3648.47,3665.57,2039
2025-05-31 08:00,3665.57,3680.73,3656.79,3675.30,1034
2025-05-31 12:00,3675.30,3675.62,3674.71,3674.97,2374
2025-05-31 16:00,3674.97,3684.70,3646.46,3660.51,1680
2025-05-31 20:00,3660.51,3678.08,3656.43,3671.64,1494
2025-06-01 00:00,3671.64,3691.87,3666.11,3682.09,2294
2025-06-01 04:00,3682.09,3684.76,3664.83,3670.99,2162
2025-06-01 08:00,3670.99,3683.07,3661.83,3679.67,2206
2025-06-01 12:00,3679.67,3722.61,3675.14,3700.85,974
2025-06-01 16:00,3700.85,3704.17,3683.60,3686.96,2313
2025-06-01 20:00,3686.96,3699.47,3684.68,3695.28,922
2025-06-02 00:00,3695.28,3696.37,3694.84,3695.92,1475
2025-06-02 04:00,3695.92,3779.78,3670.56,3742.86,2162
2025-06-02 08:00,3742.86,3782.07,3684.58,3705.31,2276
2025-06-02 12:00,3705.31,3723.03,3699.05,3720.09,1439
2025-06-02 16:00,3720.09,3722.84,3710.45,3714.42,1235
2025-06-02 20:00,3714.42,3714.85,3712.07,3712.96,1021
2025-06-03 00:00,3712.96,3771.72,3686.07,3752.59,1035
2025-06-03 04:00,3752.59,3753.37,3752.30,3753.01,2453
2025-06-03 08:00,3753.01,3826.44,3720.81,3800.15,2371
2025-06-03 12:00,3800.15,3808.16,3785.20,3791.52,2116
2025-06-03 16:00,3791.52,3804.82,3785.75,3799.44,2147
2025-06-03 20:00,3799.44,3808.49,3785.90,3789.80,1169
2025-06-04 00:00,3789.80,3795.44,3763.99,3776.03,1495
2025-06-04 04:00,3776.03,3778.84,3775.42,3777.92,1093
2025-06-04 08:00,3777.92,3781.55,3769.86,3772.65,1090
2025-06-04 12:00,3772.65,3781.56,3767.50,3777.45,987
2025-06-04 16:00,3777.45,3814.29,3719.36,3734.56,1659
2025-06-04 20:00,3734.56,3800.90,3722.00,3776.52,1438
2025-06-05 00:00,3776.52,3778.92,3771.10,3773.65,1962
2025-06-05 04:00,3773.65,3837.07,3737.10,3810.60,1118
2025-06-05 08:00,3810.60,3816.73,3775.08,3790.15,2180
2025-06-05 12:00,3790.15,3798.38,3786.32,3796.86,1668
2025-06-05 16:00,3796.86,3905.28,3758.51,3864.14,1359
2025-06-05 20:00,3864.14,3870.47,3834.96,3846.31,1506
2025-06-06 00:00,3846.31,3863.56,3802.46,3815.41,2189
2025-06-06 04:00,3815.41,3823.15,3797.50,3804.56,1431
2025-06-06 08:00,3804.56,3817.09,3799.04,3815.06,2027
2025-06-06 12:00,3815.06,3833.31,3809.84,3830.25,1232
2025-06-06 16:00,3830.25,3882.65,3805.82,3858.14,1392
2025-06-06 20:00,3858.14,3860.37,3852.54,3853.30,2329
2025-06-07 00:00,3853.30,3871.86,3811.04,3820.10,1890
2025-06-07 04:00,3820.10,3827.07,3806.24,3811.57,2168
2025-06-07 08:00,3811.57,3862.72,3805.74,3838.27,2319
2025-06-07 12:00,3838.27,3850.71,3836.51,3848.72,959
2025-06-07 16:00,3848.72,3888.06,3779.82,3808.12,1974
2025-06-07 20:00,3808.12,3808.19,3807.89,3807.99,1392
2025-06-08 00:00,3807.99,3845.77,3802.89,3837.99,1465
2025-06-08 04:00,3837.99,3898.10,3789.92,3883.76,1742
2025-06-08 08:00,3883.76,3908.27,3870.82,3896.39,980
2025-06-08 12:00,3896.39,3907.74,3894.57,3903.64,1692
2025-06-08 16:00,3903.64,3922.03,3860.93,3877.72,1610
2025-06-08 20:00,3877.72,3894.65,3845.51,3860.39,1253
2025-06-09 00:00,3860.39,3862.75,3859.89,3862.00,1845
2025-06-09 04:00,3862.00,3881.82,3854.60,3873.31,1197
2025-06-09 08:00,3873.31,3899.44,3867.05,3886.31,2289
2025-06-09 12:00,3886.31,3896.48,3869.39,3876.71,1102
2025-06-09 16:00,3876.71,3885.65,3845.94,3852.84,1204
2025-06-09 20:00,3852.84,3857.83,3832.32,3837.00,2354
2025-06-10 00:00,3837.00,3855.34,3805.71,3813.27,2382
2025-06-10 04:00,3813.27,3837.93,3804.92,3827.39,1954
2025-06-10 08:00,3827.39,3869.04,3752.08,3779.62,1956
2025-06-10 12:00,3779.62,3784.43,3766.42,3773.30,1461
2025-06-10 16:00,3773.30,3792.90,3765.88,3783.24,1109
2025-06-10 20:00,3783.24,3834.05,3763.95,3815.65,2093
2025-06-11 00:00,3815.65,3818.67,3814.79,3817.75,915
2025-06-11 04:00,3817.75,3849.95,3812.97,3839.44,1745
2025-06-11 08:00,3839.44,3843.97,3830.04,3831.63,1387
2025-06-11 12:00,3831.63,3834.99,3801.97,3816.58,984
2025-06-11 16:00,3816.58,3826.51,3794.51,3803.05,1747
2025-06-11 20:00,3803.05,3858.67,3768.52,3835.74,2313
2025-06-12 00:00,3835.74,3879.05,3823.25,3857.38,2458
2025-06-12 04:00,3857.38,3875.95,3853.78,3868.35,2039
2025-06-12 08:00,3868.35,3983.89,3847.19,3940.48,926
2025-06-12 12:00,3940.48,3940.53,3940.33,3940.41,1503
2025-06-12 16:00,3940.41,3969.77,3937.16,3954.50,2123
2025-06-12 20:00,3954.50,3964.12,3951.68,3961.82,1696
2025-06-13 00:00,3961.82,3966.41,3954.89,3957.62,2048
2025-06-13 04:00,3957.62,4024.44,3931.71,4008.99,1379
2025-06-13 08:00,4008.99,4060.60,3978.88,4042.99,2190
2025-06-13 12:00,4042.99,4064.79,3985.30,4012.62,2125
2025-06-13 16:00,4012.62,4016.45,4000.65,4004.44,1942
2025-06-13 20:00,4004.44,4022.53,4000.21,4014.52,2282
2025-06-14 00:00,4014.52,4049.72,3995.36,4032.49,2034
2025-06-14 04:00,4032.49,4061.06,3989.72,4003.33,1993
2025-06-14 08:00,4003.33,4041.36,3904.85,3954.60,1435
2025-06-14 12:00,3954.60,3998.04,3880.92,3913.97,1602
2025-06-14 16:00,3913.97,3914.22,3912.31,3913.06,973
2025-06-14 20:00,3913.06,3913.77,3910.64,3911.46,2421
2025-06-15 00:00,3911.46,3923.23,3909.27,3919.51,2239
2025-06-15 04:00,3919.51,3934.45,3889.99,3903.57,2203
2025-06-15 08:00,3903.57,3929.58,3871.88,3877.99,2173
2025-06-15 12:00,3877.99,3901.35,3814.80,3835.69,1542
2025-06-15 16:00,3835.69,3846.60,3827.72,3843.25,1499
2025-06-15 20:00,3843.25,3860.55,3838.08,3851.69,1263
2025-06-16 00:00,3851.69,3897.27,3845.24,3873.39,1405
2025-06-16 04:00,3873.39,3907.56,3869.09,3890.89,2378
2025-06-16 08:00,3890.89,3893.19,3884.48,3887.43,1878
2025-06-16 12:00,3887.43,3922.50,3873.53,3917.00,2369
2025-06-16 16:00,3917.00,3918.71,3913.03,3914.69,1115
2025-06-16 20:00,3914.69,3918.82,3888.34,3901.10,2379
2025-06-17 00:00,3901.10,3908.94,3879.95,3890.56,2276
2025-06-17 04:00,3890.56,3897.29,3872.27,3878.69,2185
2025-06-17 08:00,3878.69,3916.46,3784.82,3833.36,2050
2025-06-17 12:00,3833.36,3838.91,3830.00,3837.27,1719
2025-06-17 16:00,3837.27,3845.35,3835.05,3843.16,2456
2025-06-17 20:00,3843.16,3849.46,3829.01,3836.11,1197
2025-06-18 00:00,3836.11,3843.32,3806.54,3821.69,1702
2025-06-18 04:00,3821.69,3835.08,3818.17,3830.12,1582
2025-06-18 08:00,3830.12,3890.26,3809.88,3867.07,1131
2025-06-18 12:00,3867.07,3869.81,3865.77,3868.49,1083
2025-06-18 16:00,3868.49,3878.46,3856.29,3858.32,1784
2025-06-18 20:00,3858.32,3870.01,3838.33,3846.40,1010
2025-06-19 00:00,3846.40,3847.11,3844.97,3845.53,1055
2025-06-19 04:00,3845.53,3856.49,3796.68,3819.48,1358
2025-06-19 08:00,3819.48,3820.65,3816.16,3817.45,1695
2025-06-19 12:00,3817.45,3819.79,3815.53,3819.34,2472
2025-06-19 16:00,3819.34,3881.79,3800.27,3858.90,854
2025-06-19 20:00,3858.90,3890.85,3848.00,3879.59,1565
2025-06-20 00:00,3879.59,3910.84,3854.69,3902.33,1567
2025-06-20 04:00,3902.33,3907.66,3881.04,3887.68,1002
2025-06-20 08:00,3887.68,3916.82,3876.19,3902.65,2420
2025-06-20 12:00,3902.65,3909.51,3874.45,3878.88,2499
2025-06-20 16:00,3878.88,3890.51,3872.04,3886.16,2354
2025-06-20 20:00,3886.16,3903.59,3880.64,3895.73,810
2025-06-21 00:00,3895.73,3911.67,3877.31,3879.96,1241
2025-06-21 04:00,3879.96,3964.53,3850.74,3923.48,2289
2025-06-21 08:00,3923.48,3945.76,3916.37,3936.37,2389
2025-06-21 12:00,3936.37,3953.47,3878.40,3896.01,897
2025-06-21 16:00,3896.01,3913.19,3886.56,3908.49,2075
2025-06-21 20:00,3908.49,3913.24,3898.28,3900.36,1823
2025-06-22 00:00,3900.36,3901.47,3900.25,3901.01,1855
2025-06-22 04:00,3901.01,3919.03,3892.16,3911.63,1396
2025-06-22 08:00,3911.63,3925.70,3905.00,3920.66,1292
2025-06-22 12:00,3920.66,3950.50,3863.41,3877.55,2168
2025-06-22 16:00,3877.55,3883.11,3827.70,3853.54,938
2025-06-22 20:00,3853.54,3888.53,3842.18,3870.56,2410
2025-06-23 00:00,3870.56,3929.92,3851.34,3898.98,1599
2025-06-23 04:00,3898.98,3981.43,3891.01,3940.63,1592
2025-06-23 08:00,3940.63,4023.71,3925.02,3980.53,833
2025-06-23 12:00,3980.53,4002.12,3926.96,3936.41,1293
2025-06-23 16:00,3936.41,3968.39,3923.47,3953.73,2380
2025-06-23 20:00,3953.73,3982.42,3877.42,3912.89,1073
2025-06-24 00:00,3912.89,3955.22,3889.15,3948.40,2466
2025-06-24 04:00,3948.40,3959.20,3942.64,3954.53,2202
2025-06-24 08:00,3954.53,3968.80,3910.86,3930.41,2093
2025-06-24 12:00,3930.41,3989.05,3918.09,3974.73,2266
2025-06-24 16:00,3974.73,4002.54,3966.11,3989.47,1400
2025-06-24 20:00,3989.47,4003.35,3912.16,3948.81,885
2025-06-25 00:00,3948.81,3958.97,3945.70,3955.81,1615
2025-06-25 04:00,3955.81,3972.43,3930.41,3940.56,1318
2025-06-25 08:00,3940.56,3944.16,3938.24,3943.60,1385
2025-06-25 12:00,3943.60,3948.22,3925.71,3934.15,2142
2025-06-25 16:00,3934.15,3978.78,3925.98,3964.61,1553
2025-06-25 20:00,3964.61,3981.72,3918.26,3934.31,1700
2025-06-26 00:00,3934.31,3949.31,3930.44,3941.81,1182
2025-06-26 04:00,3941.81,4006.93,3916.81,3981.97,2432
2025-06-26 08:00,3981.97,3993.19,3948.64,3964.53,2289
2025-06-26 12:00,3964.53,3972.64,3961.61,3969.75,2484
2025-06-26 16:00,3969.75,3976.42,3967.59,3974.80,1010
2025-06-26 20:00,3974.80,3978.06,3949.15,3960.37,1427
2025-06-27 00:00,3960.37,3983.61,3948.09,3975.14,1141
2025-06-27 04:00,3975.14,3980.11,3973.81,3977.89,886
2025-06-27 08:00,3977.89,3994.67,3937.64,3957.92,2059
2025-06-27 12:00,3957.92,4040.12,3941.83,3997.10,2420
2025-06-27 16:00,3997.10,4034.17,3993.10,4015.18,2105
2025-06-27 20:00,4015.18,4016.81,4010.18,4012.12,2335
2025-06-28 00:00,4012.12,4022.78,3984.60,3998.73,1092
2025-06-28 04:00,3998.73,4014.59,3968.98,3982.15,1697
2025-06-28 08:00,3982.15,4014.90,3976.23,4009.83,2394
2025-06-28 12:00,4009.83,4011.81,4005.96,4007.24,1961
2025-06-28 16:00,4007.24,4019.96,4004.05,4018.01,1721
2025-06-28 20:00,4018.01,4021.63,4012.84,4014.58,2362
2025-06-29 00:00,4014.58,4032.03,4010.57,4028.85,1551
2025-06-29 04:00,4028.85,4029.87,4025.43,4026.92,1311
2025-06-29 08:00,4026.92,4063.20,4023.84,4044.51,1181
2025-06-29 12:00,4044.51,4046.65,4039.30,4041.08,1950
2025-06-29 16:00,4041.08,4065.21,4024.13,4060.20,2241
2025-06-29 20:00,4060.20,4084.89,4043.00,4075.89,1384
2025-06-30 00:00,4075.89,4077.48,4071.76,4073.92,1209
2025-06-30 04:00,4073.92,4078.87,4037.50,4055.34,1725
2025-06-30 08:00,4055.34,4061.71,4018.28,4035.07,979
2025-06-30 12:00,4035.07,4049.57,4002.44,4019.30,1454
2025-06-30 16:00,4019.30,4035.83,3980.86,3998.22,1926
2025-06-30 20:00,3998.22,4031.06,3978.57,4017.95,1122
2025-07-01 00:00,4017.95,4018.27,4017.15,4017.55,2106
2025-07-01 04:00,4017.55,4064.23,4000.04,4053.04,1259
2025-07-01 08:00,4053.04,4118.55,4035.38,4104.82,1084
2025-07-01 12:00,4104.82,4106.46,4104.08,4106.01,1539
2025-07-01 16:00,4106.01,4129.12,4054.75,4071.85,2445
2025-07-01 20:00,4071.85,4080.40,4061.80,4063.96,976
2025-07-02 00:00,4063.96,4064.18,4062.37,4062.92,2268
2025-07-02 04:00,4062.92,4089.98,4009.33,4030.43,2375
2025-07-02 08:00,4030.43,4033.08,4022.10,4025.52,1056
2025-07-02 12:00,4025.52,4040.03,4020.20,4032.51,1721
2025-07-02 16:00,4032.51,4038.17,4016.86,4022.98,1062
2025-07-02 20:00,4022.98,4039.05,3992.09,4006.64,2110
2025-07-03 00:00,4006.64,4018.02,3976.47,3990.59,1064
2025-07-03 04:00,3990.59,4053.10,3949.94,4030.64,913
2025-07-03 08:00,4030.64,4033.36,4025.87,4027.74,1422
2025-07-03 12:00,4027.74,4033.16,4001.94,4010.03,2252
2025-07-03 16:00,4010.03,4012.79,3994.48,4002.44,1862
2025-07-03 20:00,4002.44,4045.85,3981.75,4024.15,1313
2025-07-04 00:00,4024.15,4029.02,3994.32,4009.65,1362
2025-07-04 04:00,4009.65,4023.96,4004.72,4020.93,1892
2025-07-04 08:00,4020.93,4041.70,4008.20,4037.70,2012
2025-07-04 12:00,4037.70,4073.10,4032.57,4055.01,2149
2025-07-04 16:00,4055.01,4110.77,4022.81,4087.00,1491
2025-07-04 20:00,4087.00,4098.13,4067.26,4075.29,2490
2025-07-05 00:00,4075.29,4126.75,4069.35,4101.40,2113
2025-07-05 04:00,4101.40,4116.58,4077.30,4084.20,1231
2025-07-05 08:00,4084.20,4091.46,4071.45,4075.95,2108
2025-07-05 12:00,4075.95,4108.43,4048.55,4103.50,1917
2025-07-05 16:00,4103.50,4130.95,4083.12,4122.76,1789
2025-07-05 20:00,4122.76,4123.73,4122.12,4123.46,1631
2025-07-06 00:00,4123.46,4134.83,4091.41,4097.18,922
2025-07-06 04:00,4097.18,4114.50,4089.91,4110.50,1751
2025-07-06 08:00,4110.50,4115.17,4087.06,4096.92,1440
2025-07-06 12:00,4096.92,4116.41,4067.68,4076.81,1507
2025-07-06 16:00,4076.81,4091.73,4059.14,4062.94,1558
2025-07-06 20:00,4062.94,4073.03,4061.40,4069.10,1295
2025-07-07 00:00,4069.10,4096.71,4003.73,4022.54,1307
2025-07-07 04:00,4022.54,4033.62,4020.83,4031.17,1586
2025-07-07 08:00,4031.17,4040.03,4028.71,4035.67,1127
2025-07-07 12:00,4035.67,4047.03,4010.58,4023.35,2276
2025-07-07 16:00,4023.35,4057.58,4002.65,4047.00,1820
2025-07-07 20:00,4047.00,4076.92,4038.53,4061.28,1431
2025-07-08 00:00,4061.28,4069.29,4045.36,4048.40,1605
2025-07-08 04:00,4048.40,4057.38,4018.92,4034.14,1240
2025-07-08 08:00,4034.14,4061.57,4030.99,4050.24,1376
2025-07-08 12:00,4050.24,4070.70,3984.64,4017.24,2139
2025-07-08 16:00,4017.24,4022.53,4007.71,4010.54,816
2025-07-08 20:00,4010.54,4023.20,3989.85,3997.27,1341
2025-07-09 00:00,3997.27,4001.27,3995.37,3999.44,1549
2025-07-09 04:00,3999.44,4005.74,3998.39,4004.72,1950
2025-07-09 08:00,4004.72,4006.65,4003.75,4006.17,950
2025-07-09 12:00,4006.17,4045.19,3991.31,4031.89,1926
2025-07-09 16:00,4031.89,4039.96,4025.68,4037.59,2193
2025-07-09 20:00,4037.59,4042.23,4029.51,4031.24,998
2025-07-10 00:00,4031.24,4044.93,3981.47,4005.12,1494
2025-07-10 04:00,4005.12,4032.95,3996.87,4021.68,1095
2025-07-10 08:00,4021.68,4038.21,4013.87,4034.02,1824
2025-07-10 12:00,4034.02,4073.19,4027.86,4066.98,2261
2025-07-10 16:00,4066.98,4074.47,4041.31,4050.94,1735
2025-07-10 20:00,4050.94,4052.53,4049.71,4052.17,1086
2025-07-11 00:00,4052.17,4052.48,4051.02,4051.50,1132
2025-07-11 04:00,4051.50,4052.19,4049.23,4050.19,1412
2025-07-11 08:00,4050.19,4051.69,4049.64,4051.07,1843
2025-07-11 12:00,4051.07,4075.58,3982.90,4013.68,1413
2025-07-11 16:00,4013.68,4043.93,4010.55,4032.57,1478
2025-07-11 20:00,4032.57,4059.70,4016.19,4047.73,1995
2025-07-12 00:00,4047.73,4085.07,4021.74,4073.62,2209
2025-07-12 04:00,4073.62,4163.40,4036.78,4124.98,1343
2025-07-12 08:00,4124.98,4132.01,4112.53,4118.41,2389
2025-07-12 12:00,4118.41,4118.52,4118.18,4118.24,905
2025-07-12 16:00,4118.24,4119.73,4117.97,4119.11,2088
2025-07-12 20:00,4119.11,4201.50,4079.34,4164.01,1578
2025-07-13 00:00,4164.01,4175.28,4094.28,4125.20,864
2025-07-13 04:00,4125.20,4145.00,4115.67,4136.89,1190
2025-07-13 08:00,4136.89,4142.38,4089.57,4104.21,1110
2025-07-13 12:00,4104.21,4135.24,4027.32,4046.99,1827
2025-07-13 16:00,4046.99,4086.07,3957.71,4002.89,2306
2025-07-13 20:00,4002.89,4027.85,3948.87,3973.21,1862
2025-07-14 00:00,3973.21,4005.63,3962.17,3997.28,2156
2025-07-14 04:00,3997.28,4008.41,3969.51,3978.86,1154
2025-07-14 08:00,3978.86,3981.41,3971.66,3974.52,1918
2025-07-14 12:00,3974.52,3986.55,3927.94,3949.79,2276
2025-07-14 16:00,3949.79,3974.80,3937.07,3963.71,1341
2025-07-14 20:00,3963.71,3980.73,3932.62,3940.38,1304
2025-07-15 00:00,3940.38,3981.83,3927.69,3969.67,1409
2025-07-15 04:00,3969.67,3988.21,3931.46,3948.67,2213
2025-07-15 08:00,3948.67,3961.75,3925.52,3932.72,1514
2025-07-15 12:00,3932.72,3938.24,3929.32,3936.00,2277
2025-07-15 16:00,3936.00,3937.63,3935.69,3937.16,2185
2025-07-15 20:00,3937.16,3989.81,3905.53,3968.76,1608
2025-07-16 00:00,3968.76,3975.04,3965.32,3972.02,2447
2025-07-16 04:00,3972.02,3979.44,3941.47,3946.34,2262
2025-07-16 08:00,3946.34,3948.94,3922.98,3934.82,2143
2025-07-16 12:00,3934.82,3939.45,3915.95,3923.07,1213
2025-07-16 16:00,3923.07,3954.63,3916.42,3939.37,1951
2025-07-16 20:00,3939.37,3955.58,3936.86,3948.31,2060
2025-07-17 00:00,3948.31,3949.99,3945.61,3946.35,903
2025-07-17 04:00,3946.35,3981.27,3933.55,3965.90,2106
2025-07-17 08:00,3965.90,3969.94,3952.34,3955.01,1476
2025-07-17 12:00,3955.01,3956.95,3952.10,3952.67,2378
2025-07-17 16:00,3952.67,3958.51,3947.81,3957.23,1123
2025-07-17 20:00,3957.23,4009.53,3921.90,3991.26,1774
2025-07-18 00:00,3991.26,3992.19,3989.21,3989.73,1388
2025-07-18 04:00,3989.73,3992.95,3977.28,3982.67,2374
2025-07-18 08:00,3982.67,3987.89,3945.01,3960.46,1895
2025-07-18 12:00,3960.46,3989.35,3945.51,3976.06,876
2025-07-18 16:00,3976.06,3988.48,3960.00,3963.86,1160
2025-07-18 20:00,3963.86,3980.42,3962.36,3971.99,1613
2025-07-19 00:00,3971.99,4008.56,3917.97,3931.28,2333
2025-07-19 04:00,3931.28,3979.26,3907.34,3954.53,876
2025-07-19 08:00,3954.53,3959.01,3906.81,3926.29,1019
2025-07-19 12:00,3926.29,3942.94,3902.60,3910.16,1730
2025-07-19 16:00,3910.16,3959.17,3894.53,3933.61,1811
2025-07-19 20:00,3933.61,3961.61,3897.65,3905.46,1832
2025-07-20 00:00,3905.46,3906.11,3904.01,3904.37,1030
2025-07-20 04:00,3904.37,3907.62,3902.51,3906.59,2127
2025-07-20 08:00,3906.59,3914.78,3879.01,3885.81,2308
2025-07-20 12:00,3885.81,3929.07,3873.15,3915.23,2181
2025-07-20 16:00,3915.23,3976.99,3904.77,3948.27,2108
2025-07-20 20:00,3948.27,3990.32,3867.04,3906.30,1855
2025-07-21 00:00,3906.30,3920.33,3859.78,3875.91,995
2025-07-21 04:00,3875.91,3899.61,3870.84,3893.79,1462
2025-07-21 08:00,3893.79,3922.05,3862.34,3866.60,1585
2025-07-21 12:00,3866.60,3869.46,3852.33,3858.95,1475
2025-07-21 16:00,3858.95,3863.78,3856.14,3862.32,823
2025-07-21 20:00,3862.32,3883.77,3854.78,3877.65,1283
2025-07-22 00:00,3877.65,3878.52,3872.42,3873.51,1428
2025-07-22 04:00,3873.51,3876.95,3871.39,3876.15,2240
2025-07-22 08:00,3876.15,3890.18,3847.42,3860.24,2108
2025-07-22 12:00,3860.24,3917.12,3848.13,3888.39,2058
2025-07-22 16:00,3888.39,3891.98,3867.87,3878.43,1779
2025-07-22 20:00,3878.43,3888.62,3871.66,3886.30,2040
2025-07-23 00:00,3886.30,3891.50,3867.57,3875.99,1764
2025-07-23 04:00,3875.99,3881.38,3873.36,3878.87,2490
2025-07-23 08:00,3878.87,3879.93,3874.75,3875.90,2345
2025-07-23 12:00,3875.90,3877.94,3870.49,3873.05,1876
2025-07-23 16:00,3873.05,3885.07,3834.99,3852.12,959
2025-07-23 20:00,3852.12,3887.54,3847.63,3869.65,2497
2025-07-24 00:00,3869.65,3921.14,3850.22,3900.48,1972
2025-07-24 04:00,3900.48,3910.17,3898.69,3906.31,1865
2025-07-24 08:00,3906.31,3932.04,3893.27,3922.70,2268
2025-07-24 12:00,3922.70,3954.65,3918.27,3941.45,1845
2025-07-24 16:00,3941.45,3974.16,3937.23,3962.24,1070
2025-07-24 20:00,3962.24,3974.11,3958.01,3969.49,918
2025-07-25 00:00,3969.49,3978.34,3965.33,3974.75,1431
2025-07-25 04:00,3974.75,4010.70,3964.46,3994.32,2472
2025-07-25 08:00,3994.32,3996.79,3993.55,3996.47,949
2025-07-25 12:00,3996.47,4000.46,3965.85,3975.74,930
2025-07-25 16:00,3975.74,3977.66,3975.51,3976.90,941
2025-07-25 20:00,3976.90,4020.88,3912.21,3936.43,1387
2025-07-26 00:00,3936.43,3937.19,3935.99,3936.92,2368
2025-07-26 04:00,3936.92,3953.79,3928.84,3946.51,1660
2025-07-26 08:00,3946.51,3987.99,3919.05,3974.06,1718
2025-07-26 12:00,3974.06,3981.84,3970.07,3977.99,1569
2025-07-26 16:00,3977.99,4003.74,3955.62,3998.99,1904
2025-07-26 20:00,3998.99,3999.78,3998.39,3999.61,1042
2025-07-27 00:00,3999.61,4006.58,3963.38,3977.79,1883
2025-07-27 04:00,3977.79,3985.95,3915.12,3947.65,807
2025-07-27 08:00,3947.65,3965.35,3905.28,3927.28,1748
2025-07-27 12:00,3927.28,3950.01,3879.29,3898.50,1889
2025-07-27 16:00,3898.50,3919.99,3893.26,3912.73,1743
2025-07-27 20:00,3912.73,3914.57,3907.30,3908.88,2284
2025-07-28 00:00,3908.88,3933.10,3906.55,3921.78,2152
2025-07-28 04:00,3921.78,3925.20,3919.84,3923.99,832
2025-07-28 08:00,3923.99,3956.00,3919.02,3947.21,2016
2025-07-28 12:00,3947.21,3975.23,3930.19,3970.92,2240
2025-07-28 16:00,3970.92,3984.08,3952.34,3957.48,890
2025-07-28 20:00,3957.48,3960.32,3950.15,3952.14,1244
2025-07-29 00:00,3952.14,3961.62,3931.49,3941.20,1086
2025-07-29 04:00,3941.20,3962.80,3892.23,3906.83,2470
2025-07-29 08:00,3906.83,3937.45,3896.26,3921.98,1982
2025-07-29 12:00,3921.98,3967.26,3901.19,3948.34,1456
2025-07-29 16:00,3948.34,3949.00,3947.86,3948.82,2152
2025-07-29 20:00,3948.82,3955.32,3933.28,3938.75,1363
2025-07-30 00:00,3938.75,3968.14,3913.17,3963.08,2305
2025-07-30 04:00,3963.08,4014.05,3875.56,3912.91,1674
2025-07-30 08:00,3912.91,3920.37,3912.05,3917.35,1505
2025-07-30 12:00,3917.35,3924.94,3914.43,3921.06,2409
2025-07-30 16:00,3921.06,3928.63,3899.92,3909.39,1636
2025-07-30 20:00,3909.39,3949.00,3893.83,3940.05,2345
2025-07-31 00:00,3940.05,3976.13,3931.82,3961.77,1261
2025-07-31 04:00,3961.77,3963.97,3952.55,3956.71,2450
2025-07-31 08:00,3956.71,3957.45,3955.19,3955.45,1645
2025-07-31 12:00,3955.45,3963.80,3942.34,3947.64,1074
2025-07-31 16:00,3947.64,3953.08,3933.05,3937.16,1476
2025-07-31 20:00,3937.16,3958.26,3881.23,3909.55,1559
2025-08-01 00:00,3909.55,3947.20,3884.06,3939.96,1190
2025-08-01 04:00,3939.96,3967.50,3928.29,3962.93,2038
2025-08-01 08:00,3962.93,3994.05,3945.23,3981.00,1185
2025-08-01 12:00,3981.00,4002.27,3941.26,3957.73,2175
2025-08-01 16:00,3957.73,4035.37,3929.77,4003.92,1481
2025-08-01 20:00,4003.92,4067.89,3958.83,4048.41,1233
2025-08-02 00:00,4048.41,4058.27,4043.27,4053.24,1040
2025-08-02 04:00,4053.24,4069.97,4016.90,4033.77,1296
2025-08-02 08:00,4033.77,4048.80,4000.05,4015.23,1612
2025-08-02 12:00,4015.23,4035.20,4008.56,4025.12,2388
2025-08-02 16:00,4025.12,4033.30,3994.01,4005.59,2128
2025-08-02 20:00,4005.59,4005.65,4005.43,4005.47,1850
2025-08-03 00:00,4005.47,4054.58,3990.84,4030.17,2444
2025-08-03 04:00,4030.17,4065.48,3978.09,3997.54,1455
2025-08-03 08:00,3997.54,4088.34,3974.95,4042.52,1647
2025-08-03 12:00,4042.52,4085.04,4007.93,4078.15,2318
2025-08-03 16:00,4078.15,4085.95,4040.39,4051.14,1996
2025-08-03 20:00,4051.14,4072.66,4003.59,4020.40,1112
2025-08-04 00:00,4020.40,4022.29,4012.70,4014.77,1966
2025-08-04 04:00,4014.77,4035.56,3978.92,3992.70,2140
2025-08-04 08:00,3992.70,3998.09,3985.12,3987.54,2363
2025-08-04 12:00,3987.54,4039.27,3872.58,3931.96,2114
2025-08-04 16:00,3931.96,3935.64,3925.10,3927.64,2300
2025-08-04 20:00,3927.64,4003.40,3915.28,3967.40,2275
2025-08-05 00:00,3967.40,3983.24,3936.05,3943.74,1910
2025-08-05 04:00,3943.74,3949.51,3932.83,3938.44,1873
2025-08-05 08:00,3938.44,3944.18,3876.85,3906.93,2475
2025-08-05 12:00,3906.93,3932.55,3894.34,3921.28,1644
2025-08-05 16:00,3921.28,3922.47,3913.87,3917.05,939
2025-08-05 20:00,3917.05,3994.77,3910.28,3959.71,1835
2025-08-06 00:00,3959.71,3967.84,3958.64,3964.84,2106
2025-08-06 04:00,3964.84,3970.71,3951.86,3957.36,1789
2025-08-06 08:00,3957.36,3979.79,3955.28,3969.99,1889
2025-08-06 12:00,3969.99,3977.00,3957.90,3959.58,1884
2025-08-06 16:00,3959.58,3983.35,3912.40,3931.14,1387
2025-08-06 20:00,3931.14,3939.49,3924.54,3938.30,2180
2025-08-07 00:00,3938.30,3940.06,3931.83,3935.13,1167
2025-08-07 04:00,3935.13,3940.42,3934.11,3939.36,1104
2025-08-07 08:00,3939.36,3951.45,3932.88,3948.13,1316
2025-08-07 12:00,3948.13,3957.78,3933.47,3937.68,1612
2025-08-07 16:00,3937.68,3949.65,3927.32,3947.45,1740
2025-08-07 20:00,3947.45,4012.45,3905.41,3985.99,1262
2025-08-08 00:00,3985.99,3996.25,3940.31,3962.40,965
2025-08-08 04:00,3962.40,4030.91,3925.07,4001.08,2355
2025-08-08 08:00,4001.08,4001.93,3993.86,3996.38,1572
2025-08-08 12:00,3996.38,4007.30,3976.90,3980.19,819
2025-08-08 16:00,3980.19,4078.58,3967.82,4034.32,1688
2025-08-08 20:00,4034.32,4041.51,4032.42,4038.40,995
